date,weekday,dish_name,category,price_level,temperature_c,is_holiday,cooked_qty,sold_qty,wasted_qty
2025-01-01,Wednesday,Chicken Curry,Main,Medium,17.0,0,124,112,12
2025-01-01,Wednesday,Beef Stew,Main,High,17.0,0,98,93,5
2025-01-01,Wednesday,Veg Pasta,Veg,Low,17.0,0,94,83,11
2025-01-01,Wednesday,Rice,Side,Low,17.0,0,156,149,7
2025-01-01,Wednesday,Chocolate Pudding,Dessert,Medium,17.0,0,80,70,10
2025-01-02,Thursday,Chicken Curry,Main,Medium,7.3,0,133,125,8
2025-01-02,Thursday,Beef Stew,Main,High,7.3,0,110,101,9
2025-01-02,Thursday,Veg Pasta,Veg,Low,7.3,0,82,76,6
2025-01-02,Thursday,Rice,Side,Low,7.3,0,138,128,10
2025-01-02,Thursday,Chocolate Pudding,Dessert,Medium,7.3,0,77,71,6
2025-01-03,Friday,Chicken Curry,Main,Medium,26.7,0,140,128,12
2025-01-03,Friday,Beef Stew,Main,High,26.7,0,115,104,11
2025-01-03,Friday,Veg Pasta,Veg,Low,26.7,0,105,99,6
2025-01-03,Friday,Rice,Side,Low,26.7,0,162,145,17
2025-01-03,Friday,Chocolate Pudding,Dessert,Medium,26.7,0,80,74,6
2025-01-06,Monday,Chicken Curry,Main,Medium,11.9,0,136,120,16
2025-01-06,Monday,Beef Stew,Main,High,11.9,0,126,117,9
2025-01-06,Monday,Veg Pasta,Veg,Low,11.9,0,98,89,9
2025-01-06,Monday,Rice,Side,Low,11.9,0,157,137,20
2025-01-06,Monday,Chocolate Pudding,Dessert,Medium,11.9,0,87,78,9
2025-01-07,Tuesday,Chicken Curry,Main,Medium,19.4,0,129,121,8
2025-01-07,Tuesday,Beef Stew,Main,High,19.4,0,107,99,8
2025-01-07,Tuesday,Veg Pasta,Veg,Low,19.4,0,93,87,6
2025-01-07,Tuesday,Rice,Side,Low,19.4,0,144,134,10
2025-01-07,Tuesday,Chocolate Pudding,Dessert,Medium,19.4,0,82,75,7
2025-01-08,Wednesday,Chicken Curry,Main,Medium,15.2,0,126,110,16
2025-01-08,Wednesday,Beef Stew,Main,High,15.2,0,93,89,4
2025-01-08,Wednesday,Veg Pasta,Veg,Low,15.2,0,100,89,11
2025-01-08,Wednesday,Rice,Side,Low,15.2,0,161,143,18
2025-01-08,Wednesday,Chocolate Pudding,Dessert,Medium,15.2,0,75,71,4
2025-01-09,Thursday,Chicken Curry,Main,Medium,3.6,0,135,122,13
2025-01-09,Thursday,Beef Stew,Main,High,3.6,0,108,100,8
2025-01-09,Thursday,Veg Pasta,Veg,Low,3.6,0,100,93,7
2025-01-09,Thursday,Rice,Side,Low,3.6,0,177,156,21
2025-01-09,Thursday,Chocolate Pudding,Dessert,Medium,3.6,0,88,81,7
2025-01-10,Friday,Chicken Curry,Main,Medium,15.6,0,143,130,13
2025-01-10,Friday,Beef Stew,Main,High,15.6,0,125,114,11
2025-01-10,Friday,Veg Pasta,Veg,Low,15.6,0,126,116,10
2025-01-10,Friday,Rice,Side,Low,15.6,0,175,162,13
2025-01-10,Friday,Chocolate Pudding,Dessert,Medium,15.6,0,85,78,7
2025-01-13,Monday,Chicken Curry,Main,Medium,9.8,0,151,135,16
2025-01-13,Monday,Beef Stew,Main,High,9.8,0,116,102,14
2025-01-13,Monday,Veg Pasta,Veg,Low,9.8,0,107,95,12
2025-01-13,Monday,Rice,Side,Low,9.8,0,186,165,21
2025-01-13,Monday,Chocolate Pudding,Dessert,Medium,9.8,0,84,79,5
2025-01-14,Tuesday,Chicken Curry,Main,Medium,13.0,0,147,129,18
2025-01-14,Tuesday,Beef Stew,Main,High,13.0,0,100,94,6
2025-01-14,Tuesday,Veg Pasta,Veg,Low,13.0,0,95,87,8
2025-01-14,Tuesday,Rice,Side,Low,13.0,0,150,143,7
2025-01-14,Tuesday,Chocolate Pudding,Dessert,Medium,13.0,0,78,71,7
2025-01-15,Wednesday,Chicken Curry,Main,Medium,-2.2,0,124,115,9
2025-01-15,Wednesday,Beef Stew,Main,High,-2.2,0,107,98,9
2025-01-15,Wednesday,Veg Pasta,Veg,Low,-2.2,0,103,92,11
2025-01-15,Wednesday,Rice,Side,Low,-2.2,0,162,142,20
2025-01-15,Wednesday,Chocolate Pudding,Dessert,Medium,-2.2,0,74,69,5
2025-01-16,Thursday,Chicken Curry,Main,Medium,-5.0,0,131,125,6
2025-01-16,Thursday,Beef Stew,Main,High,-5.0,0,110,105,5
2025-01-16,Thursday,Veg Pasta,Veg,Low,-5.0,0,121,113,8
2025-01-16,Thursday,Rice,Side,Low,-5.0,0,153,144,9
2025-01-16,Thursday,Chocolate Pudding,Dessert,Medium,-5.0,0,82,75,7
2025-01-17,Friday,Chicken Curry,Main,Medium,23.4,0,163,146,17
2025-01-17,Friday,Beef Stew,Main,High,23.4,0,141,127,14
2025-01-17,Friday,Veg Pasta,Veg,Low,23.4,0,100,91,9
2025-01-17,Friday,Rice,Side,Low,23.4,0,156,148,8
2025-01-17,Friday,Chocolate Pudding,Dessert,Medium,23.4,0,84,76,8
2025-01-20,Monday,Chicken Curry,Main,Medium,-3.5,0,148,139,9
2025-01-20,Monday,Beef Stew,Main,High,-3.5,0,122,107,15
2025-01-20,Monday,Veg Pasta,Veg,Low,-3.5,0,123,116,7
2025-01-20,Monday,Rice,Side,Low,-3.5,0,172,151,21
2025-01-20,Monday,Chocolate Pudding,Dessert,Medium,-3.5,0,88,78,10
2025-01-21,Tuesday,Chicken Curry,Main,Medium,20.1,0,119,108,11
2025-01-21,Tuesday,Beef Stew,Main,High,20.1,0,92,87,5
2025-01-21,Tuesday,Veg Pasta,Veg,Low,20.1,0,103,91,12
2025-01-21,Tuesday,Rice,Side,Low,20.1,0,153,142,11
2025-01-21,Tuesday,Chocolate Pudding,Dessert,Medium,20.1,0,80,74,6
2025-01-22,Wednesday,Chicken Curry,Main,Medium,17.2,0,130,116,14
2025-01-22,Wednesday,Beef Stew,Main,High,17.2,0,94,89,5
2025-01-22,Wednesday,Veg Pasta,Veg,Low,17.2,0,99,87,12
2025-01-22,Wednesday,Rice,Side,Low,17.2,0,142,136,6
2025-01-22,Wednesday,Chocolate Pudding,Dessert,Medium,17.2,0,66,62,4
2025-01-23,Thursday,Chicken Curry,Main,Medium,30.0,0,126,118,8
2025-01-23,Thursday,Beef Stew,Main,High,30.0,0,94,87,7
2025-01-23,Thursday,Veg Pasta,Veg,Low,30.0,0,101,90,11
2025-01-23,Thursday,Rice,Side,Low,30.0,0,159,143,16
2025-01-23,Thursday,Chocolate Pudding,Dessert,Medium,30.0,0,75,68,7
2025-01-24,Friday,Chicken Curry,Main,Medium,9.5,0,138,129,9
2025-01-24,Friday,Beef Stew,Main,High,9.5,0,129,114,15
2025-01-24,Friday,Veg Pasta,Veg,Low,9.5,0,117,106,11
2025-01-24,Friday,Rice,Side,Low,9.5,0,178,161,17
2025-01-24,Friday,Chocolate Pudding,Dessert,Medium,9.5,0,97,89,8
2025-01-27,Monday,Chicken Curry,Main,Medium,18.3,0,128,122,6
2025-01-27,Monday,Beef Stew,Main,High,18.3,0,114,100,14
2025-01-27,Monday,Veg Pasta,Veg,Low,18.3,0,116,102,14
2025-01-27,Monday,Rice,Side,Low,18.3,0,158,151,7
2025-01-27,Monday,Chocolate Pudding,Dessert,Medium,18.3,0,92,81,11
2025-01-28,Tuesday,Chicken Curry,Main,Medium,16.7,1,94,83,11
2025-01-28,Tuesday,Beef Stew,Main,High,16.7,1,73,65,8
2025-01-28,Tuesday,Veg Pasta,Veg,Low,16.7,1,59,55,4
2025-01-28,Tuesday,Rice,Side,Low,16.7,1,113,99,14
2025-01-28,Tuesday,Chocolate Pudding,Dessert,Medium,16.7,1,49,44,5
2025-01-29,Wednesday,Chicken Curry,Main,Medium,3.2,0,139,121,18
2025-01-29,Wednesday,Beef Stew,Main,High,3.2,0,113,100,13
2025-01-29,Wednesday,Veg Pasta,Veg,Low,3.2,0,91,81,10
2025-01-29,Wednesday,Rice,Side,Low,3.2,0,163,151,12
2025-01-29,Wednesday,Chocolate Pudding,Dessert,Medium,3.2,0,80,75,5
2025-01-30,Thursday,Chicken Curry,Main,Medium,17.2,0,141,124,17
2025-01-30,Thursday,Beef Stew,Main,High,17.2,0,117,104,13
2025-01-30,Thursday,Veg Pasta,Veg,Low,17.2,0,130,117,13
2025-01-30,Thursday,Rice,Side,Low,17.2,0,170,150,20
2025-01-30,Thursday,Chocolate Pudding,Dessert,Medium,17.2,0,79,73,6
2025-01-31,Friday,Chicken Curry,Main,Medium,4.3,0,149,142,7
2025-01-31,Friday,Beef Stew,Main,High,4.3,0,154,143,11
2025-01-31,Friday,Veg Pasta,Veg,Low,4.3,0,102,92,10
2025-01-31,Friday,Rice,Side,Low,4.3,0,172,162,10
2025-01-31,Friday,Chocolate Pudding,Dessert,Medium,4.3,0,100,91,9
2025-02-03,Monday,Chicken Curry,Main,Medium,4.8,0,154,146,8
2025-02-03,Monday,Beef Stew,Main,High,4.8,0,126,115,11
2025-02-03,Monday,Veg Pasta,Veg,Low,4.8,0,109,98,11
2025-02-03,Monday,Rice,Side,Low,4.8,0,152,135,17
2025-02-03,Monday,Chocolate Pudding,Dessert,Medium,4.8,0,88,82,6
2025-02-04,Tuesday,Chicken Curry,Main,Medium,4.1,0,142,124,18
2025-02-04,Tuesday,Beef Stew,Main,High,4.1,0,118,109,9
2025-02-04,Tuesday,Veg Pasta,Veg,Low,4.1,0,107,101,6
2025-02-04,Tuesday,Rice,Side,Low,4.1,0,155,141,14
2025-02-04,Tuesday,Chocolate Pudding,Dessert,Medium,4.1,0,77,69,8
2025-02-05,Wednesday,Chicken Curry,Main,Medium,-0.6,1,100,89,11
2025-02-05,Wednesday,Beef Stew,Main,High,-0.6,1,88,81,7
2025-02-05,Wednesday,Veg Pasta,Veg,Low,-0.6,1,73,68,5
2025-02-05,Wednesday,Rice,Side,Low,-0.6,1,112,107,5
2025-02-05,Wednesday,Chocolate Pudding,Dessert,Medium,-0.6,1,48,46,2
2025-02-06,Thursday,Chicken Curry,Main,Medium,16.4,0,134,127,7
2025-02-06,Thursday,Beef Stew,Main,High,16.4,0,78,74,4
2025-02-06,Thursday,Veg Pasta,Veg,Low,16.4,0,89,82,7
2025-02-06,Thursday,Rice,Side,Low,16.4,0,175,158,17
2025-02-06,Thursday,Chocolate Pudding,Dessert,Medium,16.4,0,64,61,3
2025-02-07,Friday,Chicken Curry,Main,Medium,26.4,0,131,116,15
2025-02-07,Friday,Beef Stew,Main,High,26.4,0,105,100,5
2025-02-07,Friday,Veg Pasta,Veg,Low,26.4,0,112,101,11
2025-02-07,Friday,Rice,Side,Low,26.4,0,175,153,22
2025-02-07,Friday,Chocolate Pudding,Dessert,Medium,26.4,0,81,74,7
2025-02-10,Monday,Chicken Curry,Main,Medium,27.9,0,123,112,11
2025-02-10,Monday,Beef Stew,Main,High,27.9,0,118,103,15
2025-02-10,Monday,Veg Pasta,Veg,Low,27.9,0,111,98,13
2025-02-10,Monday,Rice,Side,Low,27.9,0,157,149,8
2025-02-10,Monday,Chocolate Pudding,Dessert,Medium,27.9,0,74,69,5
2025-02-11,Tuesday,Chicken Curry,Main,Medium,6.1,0,143,128,15
2025-02-11,Tuesday,Beef Stew,Main,High,6.1,0,120,107,13
2025-02-11,Tuesday,Veg Pasta,Veg,Low,6.1,0,103,92,11
2025-02-11,Tuesday,Rice,Side,Low,6.1,0,146,130,16
2025-02-11,Tuesday,Chocolate Pudding,Dessert,Medium,6.1,0,74,66,8
2025-02-12,Wednesday,Chicken Curry,Main,Medium,11.8,0,129,115,14
2025-02-12,Wednesday,Beef Stew,Main,High,11.8,0,112,99,13
2025-02-12,Wednesday,Veg Pasta,Veg,Low,11.8,0,91,84,7
2025-02-12,Wednesday,Rice,Side,Low,11.8,0,149,141,8
2025-02-12,Wednesday,Chocolate Pudding,Dessert,Medium,11.8,0,79,70,9
2025-02-13,Thursday,Chicken Curry,Main,Medium,25.1,0,129,114,15
2025-02-13,Thursday,Beef Stew,Main,High,25.1,0,111,97,14
2025-02-13,Thursday,Veg Pasta,Veg,Low,25.1,0,93,84,9
2025-02-13,Thursday,Rice,Side,Low,25.1,0,133,124,9
2025-02-13,Thursday,Chocolate Pudding,Dessert,Medium,25.1,0,83,77,6
2025-02-14,Friday,Chicken Curry,Main,Medium,23.6,0,164,146,18
2025-02-14,Friday,Beef Stew,Main,High,23.6,0,120,114,6
2025-02-14,Friday,Veg Pasta,Veg,Low,23.6,0,106,96,10
2025-02-14,Friday,Rice,Side,Low,23.6,0,187,173,14
2025-02-14,Friday,Chocolate Pudding,Dessert,Medium,23.6,0,83,79,4
2025-02-17,Monday,Chicken Curry,Main,Medium,16.1,0,133,126,7
2025-02-17,Monday,Beef Stew,Main,High,16.1,0,118,112,6
2025-02-17,Monday,Veg Pasta,Veg,Low,16.1,0,106,94,12
2025-02-17,Monday,Rice,Side,Low,16.1,0,156,148,8
2025-02-17,Monday,Chocolate Pudding,Dessert,Medium,16.1,0,89,78,11
2025-02-18,Tuesday,Chicken Curry,Main,Medium,-2.5,0,127,111,16
2025-02-18,Tuesday,Beef Stew,Main,High,-2.5,0,110,98,12
2025-02-18,Tuesday,Veg Pasta,Veg,Low,-2.5,0,101,92,9
2025-02-18,Tuesday,Rice,Side,Low,-2.5,0,166,157,9
2025-02-18,Tuesday,Chocolate Pudding,Dessert,Medium,-2.5,0,79,72,7
2025-02-19,Wednesday,Chicken Curry,Main,Medium,11.8,0,117,111,6
2025-02-19,Wednesday,Beef Stew,Main,High,11.8,0,109,97,12
2025-02-19,Wednesday,Veg Pasta,Veg,Low,11.8,0,87,79,8
2025-02-19,Wednesday,Rice,Side,Low,11.8,0,141,131,10
2025-02-19,Wednesday,Chocolate Pudding,Dessert,Medium,11.8,0,77,68,9
2025-02-20,Thursday,Chicken Curry,Main,Medium,14.2,0,132,120,12
2025-02-20,Thursday,Beef Stew,Main,High,14.2,0,111,100,11
2025-02-20,Thursday,Veg Pasta,Veg,Low,14.2,0,104,93,11
2025-02-20,Thursday,Rice,Side,Low,14.2,0,181,164,17
2025-02-20,Thursday,Chocolate Pudding,Dessert,Medium,14.2,0,74,65,9
2025-02-21,Friday,Chicken Curry,Main,Medium,30.0,0,130,122,8
2025-02-21,Friday,Beef Stew,Main,High,30.0,0,99,90,9
2025-02-21,Friday,Veg Pasta,Veg,Low,30.0,0,99,94,5
2025-02-21,Friday,Rice,Side,Low,30.0,0,169,157,12
2025-02-21,Friday,Chocolate Pudding,Dessert,Medium,30.0,0,98,87,11
2025-02-24,Monday,Chicken Curry,Main,Medium,3.0,0,163,144,19
2025-02-24,Monday,Beef Stew,Main,High,3.0,0,117,103,14
2025-02-24,Monday,Veg Pasta,Veg,Low,3.0,0,135,119,16
2025-02-24,Monday,Rice,Side,Low,3.0,0,202,176,26
2025-02-24,Monday,Chocolate Pudding,Dessert,Medium,3.0,0,82,77,5
2025-02-25,Tuesday,Chicken Curry,Main,Medium,-5.0,1,110,97,13
2025-02-25,Tuesday,Beef Stew,Main,High,-5.0,1,78,72,6
2025-02-25,Tuesday,Veg Pasta,Veg,Low,-5.0,1,77,72,5
2025-02-25,Tuesday,Rice,Side,Low,-5.0,1,114,102,12
2025-02-25,Tuesday,Chocolate Pudding,Dessert,Medium,-5.0,1,58,51,7
2025-02-26,Wednesday,Chicken Curry,Main,Medium,7.5,0,126,119,7
2025-02-26,Wednesday,Beef Stew,Main,High,7.5,0,101,95,6
2025-02-26,Wednesday,Veg Pasta,Veg,Low,7.5,0,99,89,10
2025-02-26,Wednesday,Rice,Side,Low,7.5,0,123,116,7
2025-02-26,Wednesday,Chocolate Pudding,Dessert,Medium,7.5,0,81,73,8
2025-02-27,Thursday,Chicken Curry,Main,Medium,27.5,0,130,115,15
2025-02-27,Thursday,Beef Stew,Main,High,27.5,0,125,110,15
2025-02-27,Thursday,Veg Pasta,Veg,Low,27.5,0,105,97,8
2025-02-27,Thursday,Rice,Side,Low,27.5,0,155,139,16
2025-02-27,Thursday,Chocolate Pudding,Dessert,Medium,27.5,0,78,73,5
2025-02-28,Friday,Chicken Curry,Main,Medium,22.6,0,129,118,11
2025-02-28,Friday,Beef Stew,Main,High,22.6,0,123,112,11
2025-02-28,Friday,Veg Pasta,Veg,Low,22.6,0,122,109,13
2025-02-28,Friday,Rice,Side,Low,22.6,0,205,181,24
2025-02-28,Friday,Chocolate Pudding,Dessert,Medium,22.6,0,81,71,10
2025-03-03,Monday,Chicken Curry,Main,Medium,-5.0,0,157,137,20
2025-03-03,Monday,Beef Stew,Main,High,-5.0,0,106,96,10
2025-03-03,Monday,Veg Pasta,Veg,Low,-5.0,0,110,103,7
2025-03-03,Monday,Rice,Side,Low,-5.0,0,177,166,11
2025-03-03,Monday,Chocolate Pudding,Dessert,Medium,-5.0,0,80,74,6
2025-03-04,Tuesday,Chicken Curry,Main,Medium,11.4,0,137,129,8
2025-03-04,Tuesday,Beef Stew,Main,High,11.4,0,101,95,6
2025-03-04,Tuesday,Veg Pasta,Veg,Low,11.4,0,88,84,4
2025-03-04,Tuesday,Rice,Side,Low,11.4,0,147,138,9
2025-03-04,Tuesday,Chocolate Pudding,Dessert,Medium,11.4,0,69,64,5
2025-03-05,Wednesday,Chicken Curry,Main,Medium,30.0,0,122,108,14
2025-03-05,Wednesday,Beef Stew,Main,High,30.0,0,96,85,11
2025-03-05,Wednesday,Veg Pasta,Veg,Low,30.0,0,93,82,11
2025-03-05,Wednesday,Rice,Side,Low,30.0,0,141,125,16
2025-03-05,Wednesday,Chocolate Pudding,Dessert,Medium,30.0,0,69,62,7
2025-03-06,Thursday,Chicken Curry,Main,Medium,6.7,0,125,114,11
2025-03-06,Thursday,Beef Stew,Main,High,6.7,0,95,87,8
2025-03-06,Thursday,Veg Pasta,Veg,Low,6.7,0,111,99,12
2025-03-06,Thursday,Rice,Side,Low,6.7,0,160,146,14
2025-03-06,Thursday,Chocolate Pudding,Dessert,Medium,6.7,0,78,71,7
2025-03-07,Friday,Chicken Curry,Main,Medium,10.7,0,136,127,9
2025-03-07,Friday,Beef Stew,Main,High,10.7,0,113,108,5
2025-03-07,Friday,Veg Pasta,Veg,Low,10.7,0,98,91,7
2025-03-07,Friday,Rice,Side,Low,10.7,0,161,152,9
2025-03-07,Friday,Chocolate Pudding,Dessert,Medium,10.7,0,83,73,10
2025-03-10,Monday,Chicken Curry,Main,Medium,28.9,0,147,134,13
2025-03-10,Monday,Beef Stew,Main,High,28.9,0,116,105,11
2025-03-10,Monday,Veg Pasta,Veg,Low,28.9,0,97,87,10
2025-03-10,Monday,Rice,Side,Low,28.9,0,144,134,10
2025-03-10,Monday,Chocolate Pudding,Dessert,Medium,28.9,0,78,72,6
2025-03-11,Tuesday,Chicken Curry,Main,Medium,21.3,0,158,138,20
2025-03-11,Tuesday,Beef Stew,Main,High,21.3,0,93,88,5
2025-03-11,Tuesday,Veg Pasta,Veg,Low,21.3,0,100,94,6
2025-03-11,Tuesday,Rice,Side,Low,21.3,0,141,132,9
2025-03-11,Tuesday,Chocolate Pudding,Dessert,Medium,21.3,0,72,67,5
2025-03-12,Wednesday,Chicken Curry,Main,Medium,12.5,0,121,106,15
2025-03-12,Wednesday,Beef Stew,Main,High,12.5,0,106,93,13
2025-03-12,Wednesday,Veg Pasta,Veg,Low,12.5,0,89,79,10
2025-03-12,Wednesday,Rice,Side,Low,12.5,0,134,126,8
2025-03-12,Wednesday,Chocolate Pudding,Dessert,Medium,12.5,0,78,70,8
2025-03-13,Thursday,Chicken Curry,Main,Medium,13.0,0,136,127,9
2025-03-13,Thursday,Beef Stew,Main,High,13.0,0,101,94,7
2025-03-13,Thursday,Veg Pasta,Veg,Low,13.0,0,102,94,8
2025-03-13,Thursday,Rice,Side,Low,13.0,0,128,121,7
2025-03-13,Thursday,Chocolate Pudding,Dessert,Medium,13.0,0,77,70,7
2025-03-14,Friday,Chicken Curry,Main,Medium,18.4,0,130,119,11
2025-03-14,Friday,Beef Stew,Main,High,18.4,0,118,109,9
2025-03-14,Friday,Veg Pasta,Veg,Low,18.4,0,109,103,6
2025-03-14,Friday,Rice,Side,Low,18.4,0,186,173,13
2025-03-14,Friday,Chocolate Pudding,Dessert,Medium,18.4,0,84,76,8
2025-03-17,Monday,Chicken Curry,Main,Medium,17.3,0,160,147,13
2025-03-17,Monday,Beef Stew,Main,High,17.3,0,130,115,15
2025-03-17,Monday,Veg Pasta,Veg,Low,17.3,0,111,97,14
2025-03-17,Monday,Rice,Side,Low,17.3,0,180,158,22
2025-03-17,Monday,Chocolate Pudding,Dessert,Medium,17.3,0,77,73,4
2025-03-18,Tuesday,Chicken Curry,Main,Medium,12.9,0,133,118,15
2025-03-18,Tuesday,Beef Stew,Main,High,12.9,0,109,102,7
2025-03-18,Tuesday,Veg Pasta,Veg,Low,12.9,0,92,87,5
2025-03-18,Tuesday,Rice,Side,Low,12.9,0,160,144,16
2025-03-18,Tuesday,Chocolate Pudding,Dessert,Medium,12.9,0,73,67,6
2025-03-19,Wednesday,Chicken Curry,Main,Medium,20.7,0,125,111,14
2025-03-19,Wednesday,Beef Stew,Main,High,20.7,0,86,79,7
2025-03-19,Wednesday,Veg Pasta,Veg,Low,20.7,0,84,78,6
2025-03-19,Wednesday,Rice,Side,Low,20.7,0,142,133,9
2025-03-19,Wednesday,Chocolate Pudding,Dessert,Medium,20.7,0,85,75,10
2025-03-20,Thursday,Chicken Curry,Main,Medium,20.3,0,109,98,11
2025-03-20,Thursday,Beef Stew,Main,High,20.3,0,93,88,5
2025-03-20,Thursday,Veg Pasta,Veg,Low,20.3,0,110,98,12
2025-03-20,Thursday,Rice,Side,Low,20.3,0,167,147,20
2025-03-20,Thursday,Chocolate Pudding,Dessert,Medium,20.3,0,92,82,10
2025-03-21,Friday,Chicken Curry,Main,Medium,7.4,0,143,128,15
2025-03-21,Friday,Beef Stew,Main,High,7.4,0,129,115,14
2025-03-21,Friday,Veg Pasta,Veg,Low,7.4,0,112,99,13
2025-03-21,Friday,Rice,Side,Low,7.4,0,184,174,10
2025-03-21,Friday,Chocolate Pudding,Dessert,Medium,7.4,0,87,77,10
2025-03-24,Monday,Chicken Curry,Main,Medium,9.3,0,128,121,7
2025-03-24,Monday,Beef Stew,Main,High,9.3,0,130,116,14
2025-03-24,Monday,Veg Pasta,Veg,Low,9.3,0,101,91,10
2025-03-24,Monday,Rice,Side,Low,9.3,0,170,159,11
2025-03-24,Monday,Chocolate Pudding,Dessert,Medium,9.3,0,95,88,7
2025-03-25,Tuesday,Chicken Curry,Main,Medium,-5.0,0,161,141,20
2025-03-25,Tuesday,Beef Stew,Main,High,-5.0,0,117,107,10
2025-03-25,Tuesday,Veg Pasta,Veg,Low,-5.0,0,94,85,9
2025-03-25,Tuesday,Rice,Side,Low,-5.0,0,165,148,17
2025-03-25,Tuesday,Chocolate Pudding,Dessert,Medium,-5.0,0,87,77,10
2025-03-26,Wednesday,Chicken Curry,Main,Medium,4.1,0,137,124,13
2025-03-26,Wednesday,Beef Stew,Main,High,4.1,0,128,112,16
2025-03-26,Wednesday,Veg Pasta,Veg,Low,4.1,0,98,86,12
2025-03-26,Wednesday,Rice,Side,Low,4.1,0,147,128,19
2025-03-26,Wednesday,Chocolate Pudding,Dessert,Medium,4.1,0,78,69,9
2025-03-27,Thursday,Chicken Curry,Main,Medium,12.6,0,141,130,11
2025-03-27,Thursday,Beef Stew,Main,High,12.6,0,110,98,12
2025-03-27,Thursday,Veg Pasta,Veg,Low,12.6,0,90,86,4
2025-03-27,Thursday,Rice,Side,Low,12.6,0,141,128,13
2025-03-27,Thursday,Chocolate Pudding,Dessert,Medium,12.6,0,68,60,8
2025-03-28,Friday,Chicken Curry,Main,Medium,-0.9,0,141,129,12
2025-03-28,Friday,Beef Stew,Main,High,-0.9,0,125,118,7
2025-03-28,Friday,Veg Pasta,Veg,Low,-0.9,0,101,95,6
2025-03-28,Friday,Rice,Side,Low,-0.9,0,150,132,18
2025-03-28,Friday,Chocolate Pudding,Dessert,Medium,-0.9,0,91,84,7
2025-03-31,Monday,Chicken Curry,Main,Medium,30.0,0,151,136,15
2025-03-31,Monday,Beef Stew,Main,High,30.0,0,107,102,5
2025-03-31,Monday,Veg Pasta,Veg,Low,30.0,0,97,85,12
2025-03-31,Monday,Rice,Side,Low,30.0,0,185,176,9
2025-03-31,Monday,Chocolate Pudding,Dessert,Medium,30.0,0,82,73,9
2025-04-01,Tuesday,Chicken Curry,Main,Medium,14.0,0,126,118,8
2025-04-01,Tuesday,Beef Stew,Main,High,14.0,0,109,99,10
2025-04-01,Tuesday,Veg Pasta,Veg,Low,14.0,0,90,86,4
2025-04-01,Tuesday,Rice,Side,Low,14.0,0,151,137,14
2025-04-01,Tuesday,Chocolate Pudding,Dessert,Medium,14.0,0,85,78,7
2025-04-02,Wednesday,Chicken Curry,Main,Medium,24.5,0,101,95,6
2025-04-02,Wednesday,Beef Stew,Main,High,24.5,0,93,84,9
2025-04-02,Wednesday,Veg Pasta,Veg,Low,24.5,0,87,80,7
2025-04-02,Wednesday,Rice,Side,Low,24.5,0,149,142,7
2025-04-02,Wednesday,Chocolate Pudding,Dessert,Medium,24.5,0,78,73,5
2025-04-03,Thursday,Chicken Curry,Main,Medium,19.2,0,115,109,6
2025-04-03,Thursday,Beef Stew,Main,High,19.2,0,105,95,10
2025-04-03,Thursday,Veg Pasta,Veg,Low,19.2,0,99,93,6
2025-04-03,Thursday,Rice,Side,Low,19.2,0,153,137,16
2025-04-03,Thursday,Chocolate Pudding,Dessert,Medium,19.2,0,76,67,9
2025-04-04,Friday,Chicken Curry,Main,Medium,8.4,0,160,150,10
2025-04-04,Friday,Beef Stew,Main,High,8.4,0,126,120,6
2025-04-04,Friday,Veg Pasta,Veg,Low,8.4,0,105,100,5
2025-04-04,Friday,Rice,Side,Low,8.4,0,180,165,15
2025-04-04,Friday,Chocolate Pudding,Dessert,Medium,8.4,0,82,72,10
2025-04-07,Monday,Chicken Curry,Main,Medium,6.8,0,155,143,12
2025-04-07,Monday,Beef Stew,Main,High,6.8,0,106,96,10
2025-04-07,Monday,Veg Pasta,Veg,Low,6.8,0,112,103,9
2025-04-07,Monday,Rice,Side,Low,6.8,0,138,128,10
2025-04-07,Monday,Chocolate Pudding,Dessert,Medium,6.8,0,99,87,12
2025-04-08,Tuesday,Chicken Curry,Main,Medium,6.6,0,135,123,12
2025-04-08,Tuesday,Beef Stew,Main,High,6.6,0,109,100,9
2025-04-08,Tuesday,Veg Pasta,Veg,Low,6.6,0,95,91,4
2025-04-08,Tuesday,Rice,Side,Low,6.6,0,159,143,16
2025-04-08,Tuesday,Chocolate Pudding,Dessert,Medium,6.6,0,64,60,4
2025-04-09,Wednesday,Chicken Curry,Main,Medium,13.7,1,86,78,8
2025-04-09,Wednesday,Beef Stew,Main,High,13.7,1,66,63,3
2025-04-09,Wednesday,Veg Pasta,Veg,Low,13.7,1,63,56,7
2025-04-09,Wednesday,Rice,Side,Low,13.7,1,101,94,7
2025-04-09,Wednesday,Chocolate Pudding,Dessert,Medium,13.7,1,46,42,4
2025-04-10,Thursday,Chicken Curry,Main,Medium,22.3,0,130,124,6
2025-04-10,Thursday,Beef Stew,Main,High,22.3,0,113,102,11
2025-04-10,Thursday,Veg Pasta,Veg,Low,22.3,0,108,97,11
2025-04-10,Thursday,Rice,Side,Low,22.3,0,131,119,12
2025-04-10,Thursday,Chocolate Pudding,Dessert,Medium,22.3,0,65,62,3
2025-04-11,Friday,Chicken Curry,Main,Medium,17.2,0,143,129,14
2025-04-11,Friday,Beef Stew,Main,High,17.2,0,117,109,8
2025-04-11,Friday,Veg Pasta,Veg,Low,17.2,0,98,91,7
2025-04-11,Friday,Rice,Side,Low,17.2,0,163,148,15
2025-04-11,Friday,Chocolate Pudding,Dessert,Medium,17.2,0,95,87,8
2025-04-14,Monday,Chicken Curry,Main,Medium,16.9,0,142,133,9
2025-04-14,Monday,Beef Stew,Main,High,16.9,0,114,104,10
2025-04-14,Monday,Veg Pasta,Veg,Low,16.9,0,109,99,10
2025-04-14,Monday,Rice,Side,Low,16.9,0,178,168,10
2025-04-14,Monday,Chocolate Pudding,Dessert,Medium,16.9,0,76,72,4
2025-04-15,Tuesday,Chicken Curry,Main,Medium,11.7,0,148,136,12
2025-04-15,Tuesday,Beef Stew,Main,High,11.7,0,118,105,13
2025-04-15,Tuesday,Veg Pasta,Veg,Low,11.7,0,95,85,10
2025-04-15,Tuesday,Rice,Side,Low,11.7,0,158,146,12
2025-04-15,Tuesday,Chocolate Pudding,Dessert,Medium,11.7,0,64,61,3
2025-04-16,Wednesday,Chicken Curry,Main,Medium,11.3,0,131,119,12
2025-04-16,Wednesday,Beef Stew,Main,High,11.3,0,109,97,12
2025-04-16,Wednesday,Veg Pasta,Veg,Low,11.3,0,99,89,10
2025-04-16,Wednesday,Rice,Side,Low,11.3,0,151,141,10
2025-04-16,Wednesday,Chocolate Pudding,Dessert,Medium,11.3,0,74,68,6
2025-04-17,Thursday,Chicken Curry,Main,Medium,16.3,0,133,121,12
2025-04-17,Thursday,Beef Stew,Main,High,16.3,0,103,91,12
2025-04-17,Thursday,Veg Pasta,Veg,Low,16.3,0,111,97,14
2025-04-17,Thursday,Rice,Side,Low,16.3,0,157,139,18
2025-04-17,Thursday,Chocolate Pudding,Dessert,Medium,16.3,0,82,73,9
2025-04-18,Friday,Chicken Curry,Main,Medium,21.4,0,146,132,14
2025-04-18,Friday,Beef Stew,Main,High,21.4,0,117,111,6
2025-04-18,Friday,Veg Pasta,Veg,Low,21.4,0,111,100,11
2025-04-18,Friday,Rice,Side,Low,21.4,0,187,177,10
2025-04-18,Friday,Chocolate Pudding,Dessert,Medium,21.4,0,80,74,6
2025-04-21,Monday,Chicken Curry,Main,Medium,26.5,0,141,127,14
2025-04-21,Monday,Beef Stew,Main,High,26.5,0,113,106,7
2025-04-21,Monday,Veg Pasta,Veg,Low,26.5,0,105,100,5
2025-04-21,Monday,Rice,Side,Low,26.5,0,168,147,21
2025-04-21,Monday,Chocolate Pudding,Dessert,Medium,26.5,0,89,79,10
2025-04-22,Tuesday,Chicken Curry,Main,Medium,6.8,0,147,133,14
2025-04-22,Tuesday,Beef Stew,Main,High,6.8,0,104,96,8
2025-04-22,Tuesday,Veg Pasta,Veg,Low,6.8,0,112,100,12
2025-04-22,Tuesday,Rice,Side,Low,6.8,0,146,135,11
2025-04-22,Tuesday,Chocolate Pudding,Dessert,Medium,6.8,0,73,68,5
2025-04-23,Wednesday,Chicken Curry,Main,Medium,2.0,0,117,112,5
2025-04-23,Wednesday,Beef Stew,Main,High,2.0,0,107,99,8
2025-04-23,Wednesday,Veg Pasta,Veg,Low,2.0,0,101,91,10
2025-04-23,Wednesday,Rice,Side,Low,2.0,0,171,150,21
2025-04-23,Wednesday,Chocolate Pudding,Dessert,Medium,2.0,0,74,68,6
2025-04-24,Thursday,Chicken Curry,Main,Medium,0.8,1,96,90,6
2025-04-24,Thursday,Beef Stew,Main,High,0.8,1,82,74,8
2025-04-24,Thursday,Veg Pasta,Veg,Low,0.8,1,74,68,6
2025-04-24,Thursday,Rice,Side,Low,0.8,1,103,97,6
2025-04-24,Thursday,Chocolate Pudding,Dessert,Medium,0.8,1,52,49,3
2025-04-25,Friday,Chicken Curry,Main,Medium,5.6,0,173,151,22
2025-04-25,Friday,Beef Stew,Main,High,5.6,0,143,128,15
2025-04-25,Friday,Veg Pasta,Veg,Low,5.6,0,104,98,6
2025-04-25,Friday,Rice,Side,Low,5.6,0,164,153,11
2025-04-25,Friday,Chocolate Pudding,Dessert,Medium,5.6,0,92,84,8
2025-04-28,Monday,Chicken Curry,Main,Medium,27.5,0,162,143,19
2025-04-28,Monday,Beef Stew,Main,High,27.5,0,112,99,13
2025-04-28,Monday,Veg Pasta,Veg,Low,27.5,0,104,91,13
2025-04-28,Monday,Rice,Side,Low,27.5,0,166,149,17
2025-04-28,Monday,Chocolate Pudding,Dessert,Medium,27.5,0,82,75,7
2025-04-29,Tuesday,Chicken Curry,Main,Medium,10.2,0,120,112,8
2025-04-29,Tuesday,Beef Stew,Main,High,10.2,0,104,99,5
2025-04-29,Tuesday,Veg Pasta,Veg,Low,10.2,0,109,102,7
2025-04-29,Tuesday,Rice,Side,Low,10.2,0,152,134,18
2025-04-29,Tuesday,Chocolate Pudding,Dessert,Medium,10.2,0,78,71,7
2025-04-30,Wednesday,Chicken Curry,Main,Medium,30.0,0,111,103,8
2025-04-30,Wednesday,Beef Stew,Main,High,30.0,0,102,95,7
2025-04-30,Wednesday,Veg Pasta,Veg,Low,30.0,0,105,93,12
2025-04-30,Wednesday,Rice,Side,Low,30.0,0,149,132,17
2025-04-30,Wednesday,Chocolate Pudding,Dessert,Medium,30.0,0,77,68,9
2025-05-01,Thursday,Chicken Curry,Main,Medium,20.2,0,138,124,14
2025-05-01,Thursday,Beef Stew,Main,High,20.2,0,118,111,7
2025-05-01,Thursday,Veg Pasta,Veg,Low,20.2,0,106,94,12
2025-05-01,Thursday,Rice,Side,Low,20.2,0,149,138,11
2025-05-01,Thursday,Chocolate Pudding,Dessert,Medium,20.2,0,78,70,8
2025-05-02,Friday,Chicken Curry,Main,Medium,15.7,0,146,133,13
2025-05-02,Friday,Beef Stew,Main,High,15.7,0,129,116,13
2025-05-02,Friday,Veg Pasta,Veg,Low,15.7,0,110,103,7
2025-05-02,Friday,Rice,Side,Low,15.7,0,190,169,21
2025-05-02,Friday,Chocolate Pudding,Dessert,Medium,15.7,0,99,94,5
2025-05-05,Monday,Chicken Curry,Main,Medium,14.5,1,112,104,8
2025-05-05,Monday,Beef Stew,Main,High,14.5,1,84,80,4
2025-05-05,Monday,Veg Pasta,Veg,Low,14.5,1,80,70,10
2025-05-05,Monday,Rice,Side,Low,14.5,1,111,103,8
2025-05-05,Monday,Chocolate Pudding,Dessert,Medium,14.5,1,60,54,6
2025-05-06,Tuesday,Chicken Curry,Main,Medium,13.3,0,125,113,12
2025-05-06,Tuesday,Beef Stew,Main,High,13.3,0,106,95,11
2025-05-06,Tuesday,Veg Pasta,Veg,Low,13.3,0,96,92,4
2025-05-06,Tuesday,Rice,Side,Low,13.3,0,175,157,18
2025-05-06,Tuesday,Chocolate Pudding,Dessert,Medium,13.3,0,75,69,6
2025-05-07,Wednesday,Chicken Curry,Main,Medium,-2.5,0,110,98,12
2025-05-07,Wednesday,Beef Stew,Main,High,-2.5,0,96,91,5
2025-05-07,Wednesday,Veg Pasta,Veg,Low,-2.5,0,105,94,11
2025-05-07,Wednesday,Rice,Side,Low,-2.5,0,143,125,18
2025-05-07,Wednesday,Chocolate Pudding,Dessert,Medium,-2.5,0,78,74,4
2025-05-08,Thursday,Chicken Curry,Main,Medium,18.5,0,132,119,13
2025-05-08,Thursday,Beef Stew,Main,High,18.5,0,99,87,12
2025-05-08,Thursday,Veg Pasta,Veg,Low,18.5,0,92,85,7
2025-05-08,Thursday,Rice,Side,Low,18.5,0,146,137,9
2025-05-08,Thursday,Chocolate Pudding,Dessert,Medium,18.5,0,74,71,3
2025-05-09,Friday,Chicken Curry,Main,Medium,-0.5,0,176,161,15
2025-05-09,Friday,Beef Stew,Main,High,-0.5,0,139,124,15
2025-05-09,Friday,Veg Pasta,Veg,Low,-0.5,0,127,112,15
2025-05-09,Friday,Rice,Side,Low,-0.5,0,188,177,11
2025-05-09,Friday,Chocolate Pudding,Dessert,Medium,-0.5,0,97,93,4
2025-05-12,Monday,Chicken Curry,Main,Medium,14.0,0,152,139,13
2025-05-12,Monday,Beef Stew,Main,High,14.0,0,111,104,7
2025-05-12,Monday,Veg Pasta,Veg,Low,14.0,0,124,113,11
2025-05-12,Monday,Rice,Side,Low,14.0,0,166,155,11
2025-05-12,Monday,Chocolate Pudding,Dessert,Medium,14.0,0,81,72,9
2025-05-13,Tuesday,Chicken Curry,Main,Medium,7.5,0,106,101,5
2025-05-13,Tuesday,Beef Stew,Main,High,7.5,0,106,96,10
2025-05-13,Tuesday,Veg Pasta,Veg,Low,7.5,0,77,72,5
2025-05-13,Tuesday,Rice,Side,Low,7.5,0,166,148,18
2025-05-13,Tuesday,Chocolate Pudding,Dessert,Medium,7.5,0,75,72,3
2025-05-14,Wednesday,Chicken Curry,Main,Medium,2.3,0,136,119,17
2025-05-14,Wednesday,Beef Stew,Main,High,2.3,0,110,99,11
2025-05-14,Wednesday,Veg Pasta,Veg,Low,2.3,0,90,81,9
2025-05-14,Wednesday,Rice,Side,Low,2.3,0,148,137,11
2025-05-14,Wednesday,Chocolate Pudding,Dessert,Medium,2.3,0,76,69,7
2025-05-15,Thursday,Chicken Curry,Main,Medium,9.5,0,119,113,6
2025-05-15,Thursday,Beef Stew,Main,High,9.5,0,100,91,9
2025-05-15,Thursday,Veg Pasta,Veg,Low,9.5,0,97,87,10
2025-05-15,Thursday,Rice,Side,Low,9.5,0,141,133,8
2025-05-15,Thursday,Chocolate Pudding,Dessert,Medium,9.5,0,77,73,4
2025-05-16,Friday,Chicken Curry,Main,Medium,26.0,0,160,140,20
2025-05-16,Friday,Beef Stew,Main,High,26.0,0,122,109,13
2025-05-16,Friday,Veg Pasta,Veg,Low,26.0,0,105,93,12
2025-05-16,Friday,Rice,Side,Low,26.0,0,176,163,13
2025-05-16,Friday,Chocolate Pudding,Dessert,Medium,26.0,0,90,80,10
2025-05-19,Monday,Chicken Curry,Main,Medium,25.2,0,141,127,14
2025-05-19,Monday,Beef Stew,Main,High,25.2,0,125,119,6
2025-05-19,Monday,Veg Pasta,Veg,Low,25.2,0,100,95,5
2025-05-19,Monday,Rice,Side,Low,25.2,0,156,138,18
2025-05-19,Monday,Chocolate Pudding,Dessert,Medium,25.2,0,75,70,5
2025-05-20,Tuesday,Chicken Curry,Main,Medium,17.2,0,125,114,11
2025-05-20,Tuesday,Beef Stew,Main,High,17.2,0,121,113,8
2025-05-20,Tuesday,Veg Pasta,Veg,Low,17.2,0,106,93,13
2025-05-20,Tuesday,Rice,Side,Low,17.2,0,149,140,9
2025-05-20,Tuesday,Chocolate Pudding,Dessert,Medium,17.2,0,78,70,8
2025-05-21,Wednesday,Chicken Curry,Main,Medium,9.4,0,110,98,12
2025-05-21,Wednesday,Beef Stew,Main,High,9.4,0,98,91,7
2025-05-21,Wednesday,Veg Pasta,Veg,Low,9.4,0,104,96,8
2025-05-21,Wednesday,Rice,Side,Low,9.4,0,147,135,12
2025-05-21,Wednesday,Chocolate Pudding,Dessert,Medium,9.4,0,80,72,8
2025-05-22,Thursday,Chicken Curry,Main,Medium,22.8,0,129,119,10
2025-05-22,Thursday,Beef Stew,Main,High,22.8,0,119,105,14
2025-05-22,Thursday,Veg Pasta,Veg,Low,22.8,0,83,78,5
2025-05-22,Thursday,Rice,Side,Low,22.8,0,175,156,19
2025-05-22,Thursday,Chocolate Pudding,Dessert,Medium,22.8,0,81,77,4
2025-05-23,Friday,Chicken Curry,Main,Medium,16.9,0,150,140,10
2025-05-23,Friday,Beef Stew,Main,High,16.9,0,122,114,8
2025-05-23,Friday,Veg Pasta,Veg,Low,16.9,0,128,113,15
2025-05-23,Friday,Rice,Side,Low,16.9,0,184,170,14
2025-05-23,Friday,Chocolate Pudding,Dessert,Medium,16.9,0,68,62,6
2025-05-26,Monday,Chicken Curry,Main,Medium,8.4,1,90,84,6
2025-05-26,Monday,Beef Stew,Main,High,8.4,1,77,69,8
2025-05-26,Monday,Veg Pasta,Veg,Low,8.4,1,79,75,4
2025-05-26,Monday,Rice,Side,Low,8.4,1,114,107,7
2025-05-26,Monday,Chocolate Pudding,Dessert,Medium,8.4,1,58,55,3
2025-05-27,Tuesday,Chicken Curry,Main,Medium,12.8,0,121,107,14
2025-05-27,Tuesday,Beef Stew,Main,High,12.8,0,96,87,9
2025-05-27,Tuesday,Veg Pasta,Veg,Low,12.8,0,96,86,10
2025-05-27,Tuesday,Rice,Side,Low,12.8,0,143,136,7
2025-05-27,Tuesday,Chocolate Pudding,Dessert,Medium,12.8,0,76,68,8
2025-05-28,Wednesday,Chicken Curry,Main,Medium,8.8,0,149,132,17
2025-05-28,Wednesday,Beef Stew,Main,High,8.8,0,109,102,7
2025-05-28,Wednesday,Veg Pasta,Veg,Low,8.8,0,92,87,5
2025-05-28,Wednesday,Rice,Side,Low,8.8,0,145,132,13
2025-05-28,Wednesday,Chocolate Pudding,Dessert,Medium,8.8,0,75,66,9
2025-05-29,Thursday,Chicken Curry,Main,Medium,19.3,0,130,119,11
2025-05-29,Thursday,Beef Stew,Main,High,19.3,0,117,107,10
2025-05-29,Thursday,Veg Pasta,Veg,Low,19.3,0,101,92,9
2025-05-29,Thursday,Rice,Side,Low,19.3,0,173,163,10
2025-05-29,Thursday,Chocolate Pudding,Dessert,Medium,19.3,0,72,69,3
2025-05-30,Friday,Chicken Curry,Main,Medium,23.1,0,140,126,14
2025-05-30,Friday,Beef Stew,Main,High,23.1,0,123,109,14
2025-05-30,Friday,Veg Pasta,Veg,Low,23.1,0,127,119,8
2025-05-30,Friday,Rice,Side,Low,23.1,0,196,172,24
2025-05-30,Friday,Chocolate Pudding,Dessert,Medium,23.1,0,92,83,9
2025-06-02,Monday,Chicken Curry,Main,Medium,30.0,0,137,124,13
2025-06-02,Monday,Beef Stew,Main,High,30.0,0,121,113,8
2025-06-02,Monday,Veg Pasta,Veg,Low,30.0,0,113,102,11
2025-06-02,Monday,Rice,Side,Low,30.0,0,175,165,10
2025-06-02,Monday,Chocolate Pudding,Dessert,Medium,30.0,0,73,66,7
2025-06-03,Tuesday,Chicken Curry,Main,Medium,11.4,0,138,123,15
2025-06-03,Tuesday,Beef Stew,Main,High,11.4,0,127,112,15
2025-06-03,Tuesday,Veg Pasta,Veg,Low,11.4,0,101,93,8
2025-06-03,Tuesday,Rice,Side,Low,11.4,0,173,153,20
2025-06-03,Tuesday,Chocolate Pudding,Dessert,Medium,11.4,0,70,63,7
2025-06-04,Wednesday,Chicken Curry,Main,Medium,9.0,0,133,126,7
2025-06-04,Wednesday,Beef Stew,Main,High,9.0,0,100,93,7
2025-06-04,Wednesday,Veg Pasta,Veg,Low,9.0,0,92,85,7
2025-06-04,Wednesday,Rice,Side,Low,9.0,0,162,149,13
2025-06-04,Wednesday,Chocolate Pudding,Dessert,Medium,9.0,0,66,61,5
2025-06-05,Thursday,Chicken Curry,Main,Medium,5.6,0,113,107,6
2025-06-05,Thursday,Beef Stew,Main,High,5.6,0,125,113,12
2025-06-05,Thursday,Veg Pasta,Veg,Low,5.6,0,106,97,9
2025-06-05,Thursday,Rice,Side,Low,5.6,0,165,150,15
2025-06-05,Thursday,Chocolate Pudding,Dessert,Medium,5.6,0,74,68,6
2025-06-06,Friday,Chicken Curry,Main,Medium,-1.9,0,137,125,12
2025-06-06,Friday,Beef Stew,Main,High,-1.9,0,151,134,17
2025-06-06,Friday,Veg Pasta,Veg,Low,-1.9,0,126,113,13
2025-06-06,Friday,Rice,Side,Low,-1.9,0,192,179,13
2025-06-06,Friday,Chocolate Pudding,Dessert,Medium,-1.9,0,98,86,12
2025-06-09,Monday,Chicken Curry,Main,Medium,4.5,0,145,135,10
2025-06-09,Monday,Beef Stew,Main,High,4.5,0,119,106,13
2025-06-09,Monday,Veg Pasta,Veg,Low,4.5,0,103,94,9
2025-06-09,Monday,Rice,Side,Low,4.5,0,194,173,21
2025-06-09,Monday,Chocolate Pudding,Dessert,Medium,4.5,0,75,70,5
2025-06-10,Tuesday,Chicken Curry,Main,Medium,2.2,0,137,123,14
2025-06-10,Tuesday,Beef Stew,Main,High,2.2,0,117,105,12
2025-06-10,Tuesday,Veg Pasta,Veg,Low,2.2,0,89,84,5
2025-06-10,Tuesday,Rice,Side,Low,2.2,0,146,128,18
2025-06-10,Tuesday,Chocolate Pudding,Dessert,Medium,2.2,0,83,76,7
2025-06-11,Wednesday,Chicken Curry,Main,Medium,14.2,0,140,126,14
2025-06-11,Wednesday,Beef Stew,Main,High,14.2,0,107,95,12
2025-06-11,Wednesday,Veg Pasta,Veg,Low,14.2,0,101,89,12
2025-06-11,Wednesday,Rice,Side,Low,14.2,0,138,125,13
2025-06-11,Wednesday,Chocolate Pudding,Dessert,Medium,14.2,0,67,62,5
2025-06-12,Thursday,Chicken Curry,Main,Medium,-0.4,0,128,119,9
2025-06-12,Thursday,Beef Stew,Main,High,-0.4,0,113,102,11
2025-06-12,Thursday,Veg Pasta,Veg,Low,-0.4,0,109,103,6
2025-06-12,Thursday,Rice,Side,Low,-0.4,0,151,137,14
2025-06-12,Thursday,Chocolate Pudding,Dessert,Medium,-0.4,0,91,86,5
2025-06-13,Friday,Chicken Curry,Main,Medium,18.3,0,150,142,8
2025-06-13,Friday,Beef Stew,Main,High,18.3,0,127,115,12
2025-06-13,Friday,Veg Pasta,Veg,Low,18.3,0,112,102,10
2025-06-13,Friday,Rice,Side,Low,18.3,0,169,153,16
2025-06-13,Friday,Chocolate Pudding,Dessert,Medium,18.3,0,78,71,7
2025-06-16,Monday,Chicken Curry,Main,Medium,4.0,0,174,156,18
2025-06-16,Monday,Beef Stew,Main,High,4.0,0,129,120,9
2025-06-16,Monday,Veg Pasta,Veg,Low,4.0,0,123,117,6
2025-06-16,Monday,Rice,Side,Low,4.0,0,165,154,11
2025-06-16,Monday,Chocolate Pudding,Dessert,Medium,4.0,0,80,74,6
2025-06-17,Tuesday,Chicken Curry,Main,Medium,12.3,0,126,112,14
2025-06-17,Tuesday,Beef Stew,Main,High,12.3,0,114,101,13
2025-06-17,Tuesday,Veg Pasta,Veg,Low,12.3,0,86,78,8
2025-06-17,Tuesday,Rice,Side,Low,12.3,0,126,117,9
2025-06-17,Tuesday,Chocolate Pudding,Dessert,Medium,12.3,0,80,72,8
2025-06-18,Wednesday,Chicken Curry,Main,Medium,28.7,0,117,111,6
2025-06-18,Wednesday,Beef Stew,Main,High,28.7,0,100,94,6
2025-06-18,Wednesday,Veg Pasta,Veg,Low,28.7,0,90,81,9
2025-06-18,Wednesday,Rice,Side,Low,28.7,0,135,128,7
2025-06-18,Wednesday,Chocolate Pudding,Dessert,Medium,28.7,0,61,56,5
2025-06-19,Thursday,Chicken Curry,Main,Medium,4.6,0,155,138,17
2025-06-19,Thursday,Beef Stew,Main,High,4.6,0,109,95,14
2025-06-19,Thursday,Veg Pasta,Veg,Low,4.6,0,105,92,13
2025-06-19,Thursday,Rice,Side,Low,4.6,0,177,161,16
2025-06-19,Thursday,Chocolate Pudding,Dessert,Medium,4.6,0,82,74,8
2025-06-20,Friday,Chicken Curry,Main,Medium,13.9,0,151,134,17
2025-06-20,Friday,Beef Stew,Main,High,13.9,0,127,121,6
2025-06-20,Friday,Veg Pasta,Veg,Low,13.9,0,119,111,8
2025-06-20,Friday,Rice,Side,Low,13.9,0,158,150,8
2025-06-20,Friday,Chocolate Pudding,Dessert,Medium,13.9,0,81,71,10
2025-06-23,Monday,Chicken Curry,Main,Medium,-5.0,0,157,144,13
2025-06-23,Monday,Beef Stew,Main,High,-5.0,0,135,119,16
2025-06-23,Monday,Veg Pasta,Veg,Low,-5.0,0,136,124,12
2025-06-23,Monday,Rice,Side,Low,-5.0,0,176,162,14
2025-06-23,Monday,Chocolate Pudding,Dessert,Medium,-5.0,0,91,80,11
2025-06-24,Tuesday,Chicken Curry,Main,Medium,14.7,0,132,123,9
2025-06-24,Tuesday,Beef Stew,Main,High,14.7,0,104,98,6
2025-06-24,Tuesday,Veg Pasta,Veg,Low,14.7,0,94,84,10
2025-06-24,Tuesday,Rice,Side,Low,14.7,0,155,140,15
2025-06-24,Tuesday,Chocolate Pudding,Dessert,Medium,14.7,0,78,69,9
2025-06-25,Wednesday,Chicken Curry,Main,Medium,11.7,0,136,121,15
2025-06-25,Wednesday,Beef Stew,Main,High,11.7,0,103,95,8
2025-06-25,Wednesday,Veg Pasta,Veg,Low,11.7,0,80,76,4
2025-06-25,Wednesday,Rice,Side,Low,11.7,0,132,126,6
2025-06-25,Wednesday,Chocolate Pudding,Dessert,Medium,11.7,0,69,65,4
2025-06-26,Thursday,Chicken Curry,Main,Medium,12.6,1,95,87,8
2025-06-26,Thursday,Beef Stew,Main,High,12.6,1,76,70,6
2025-06-26,Thursday,Veg Pasta,Veg,Low,12.6,1,56,53,3
2025-06-26,Thursday,Rice,Side,Low,12.6,1,97,88,9
2025-06-26,Thursday,Chocolate Pudding,Dessert,Medium,12.6,1,56,51,5
2025-06-27,Friday,Chicken Curry,Main,Medium,9.9,0,177,154,23
2025-06-27,Friday,Beef Stew,Main,High,9.9,0,133,116,17
2025-06-27,Friday,Veg Pasta,Veg,Low,9.9,0,107,100,7
2025-06-27,Friday,Rice,Side,Low,9.9,0,171,153,18
2025-06-27,Friday,Chocolate Pudding,Dessert,Medium,9.9,0,82,78,4
2025-06-30,Monday,Chicken Curry,Main,Medium,13.6,0,146,132,14
2025-06-30,Monday,Beef Stew,Main,High,13.6,0,130,118,12
2025-06-30,Monday,Veg Pasta,Veg,Low,13.6,0,95,87,8
2025-06-30,Monday,Rice,Side,Low,13.6,0,148,137,11
2025-06-30,Monday,Chocolate Pudding,Dessert,Medium,13.6,0,81,75,6
2025-07-01,Tuesday,Chicken Curry,Main,Medium,17.4,0,133,127,6
2025-07-01,Tuesday,Beef Stew,Main,High,17.4,0,99,95,4
2025-07-01,Tuesday,Veg Pasta,Veg,Low,17.4,0,76,71,5
2025-07-01,Tuesday,Rice,Side,Low,17.4,0,146,133,13
2025-07-01,Tuesday,Chocolate Pudding,Dessert,Medium,17.4,0,77,72,5
2025-07-02,Wednesday,Chicken Curry,Main,Medium,11.8,0,131,119,12
2025-07-02,Wednesday,Beef Stew,Main,High,11.8,0,110,104,6
2025-07-02,Wednesday,Veg Pasta,Veg,Low,11.8,0,92,84,8
2025-07-02,Wednesday,Rice,Side,Low,11.8,0,143,128,15
2025-07-02,Wednesday,Chocolate Pudding,Dessert,Medium,11.8,0,66,61,5
2025-07-03,Thursday,Chicken Curry,Main,Medium,-1.7,0,123,109,14
2025-07-03,Thursday,Beef Stew,Main,High,-1.7,0,110,99,11
2025-07-03,Thursday,Veg Pasta,Veg,Low,-1.7,0,111,102,9
2025-07-03,Thursday,Rice,Side,Low,-1.7,0,162,154,8
2025-07-03,Thursday,Chocolate Pudding,Dessert,Medium,-1.7,0,79,70,9
2025-07-04,Friday,Chicken Curry,Main,Medium,30.0,0,141,124,17
2025-07-04,Friday,Beef Stew,Main,High,30.0,0,126,120,6
2025-07-04,Friday,Veg Pasta,Veg,Low,30.0,0,121,110,11
2025-07-04,Friday,Rice,Side,Low,30.0,0,173,158,15
2025-07-04,Friday,Chocolate Pudding,Dessert,Medium,30.0,0,80,72,8
2025-07-07,Monday,Chicken Curry,Main,Medium,8.3,0,139,133,6
2025-07-07,Monday,Beef Stew,Main,High,8.3,0,106,98,8
2025-07-07,Monday,Veg Pasta,Veg,Low,8.3,0,102,91,11
2025-07-07,Monday,Rice,Side,Low,8.3,0,150,141,9
2025-07-07,Monday,Chocolate Pudding,Dessert,Medium,8.3,0,84,80,4
2025-07-08,Tuesday,Chicken Curry,Main,Medium,23.9,0,132,126,6
2025-07-08,Tuesday,Beef Stew,Main,High,23.9,0,119,107,12
2025-07-08,Tuesday,Veg Pasta,Veg,Low,23.9,0,91,84,7
2025-07-08,Tuesday,Rice,Side,Low,23.9,0,151,136,15
2025-07-08,Tuesday,Chocolate Pudding,Dessert,Medium,23.9,0,76,68,8
2025-07-09,Wednesday,Chicken Curry,Main,Medium,16.6,0,152,133,19
2025-07-09,Wednesday,Beef Stew,Main,High,16.6,0,103,90,13
2025-07-09,Wednesday,Veg Pasta,Veg,Low,16.6,0,101,91,10
2025-07-09,Wednesday,Rice,Side,Low,16.6,0,168,149,19
2025-07-09,Wednesday,Chocolate Pudding,Dessert,Medium,16.6,0,76,69,7
2025-07-10,Thursday,Chicken Curry,Main,Medium,8.4,0,119,111,8
2025-07-10,Thursday,Beef Stew,Main,High,8.4,0,99,91,8
2025-07-10,Thursday,Veg Pasta,Veg,Low,8.4,0,83,75,8
2025-07-10,Thursday,Rice,Side,Low,8.4,0,156,137,19
2025-07-10,Thursday,Chocolate Pudding,Dessert,Medium,8.4,0,75,68,7
2025-07-11,Friday,Chicken Curry,Main,Medium,20.6,0,148,131,17
2025-07-11,Friday,Beef Stew,Main,High,20.6,0,127,113,14
2025-07-11,Friday,Veg Pasta,Veg,Low,20.6,0,115,105,10
2025-07-11,Friday,Rice,Side,Low,20.6,0,188,167,21
2025-07-11,Friday,Chocolate Pudding,Dessert,Medium,20.6,0,94,85,9
2025-07-14,Monday,Chicken Curry,Main,Medium,13.8,1,93,82,11
2025-07-14,Monday,Beef Stew,Main,High,13.8,1,89,79,10
2025-07-14,Monday,Veg Pasta,Veg,Low,13.8,1,69,65,4
2025-07-14,Monday,Rice,Side,Low,13.8,1,132,118,14
2025-07-14,Monday,Chocolate Pudding,Dessert,Medium,13.8,1,58,53,5
2025-07-15,Tuesday,Chicken Curry,Main,Medium,14.4,0,159,144,15
2025-07-15,Tuesday,Beef Stew,Main,High,14.4,0,118,106,12
2025-07-15,Tuesday,Veg Pasta,Veg,Low,14.4,0,103,92,11
2025-07-15,Tuesday,Rice,Side,Low,14.4,0,145,138,7
2025-07-15,Tuesday,Chocolate Pudding,Dessert,Medium,14.4,0,67,63,4
2025-07-16,Wednesday,Chicken Curry,Main,Medium,9.9,0,113,106,7
2025-07-16,Wednesday,Beef Stew,Main,High,9.9,0,118,107,11
2025-07-16,Wednesday,Veg Pasta,Veg,Low,9.9,0,94,88,6
2025-07-16,Wednesday,Rice,Side,Low,9.9,0,160,145,15
2025-07-16,Wednesday,Chocolate Pudding,Dessert,Medium,9.9,0,66,63,3
2025-07-17,Thursday,Chicken Curry,Main,Medium,4.2,1,99,92,7
2025-07-17,Thursday,Beef Stew,Main,High,4.2,1,73,68,5
2025-07-17,Thursday,Veg Pasta,Veg,Low,4.2,1,71,63,8
2025-07-17,Thursday,Rice,Side,Low,4.2,1,133,117,16
2025-07-17,Thursday,Chocolate Pudding,Dessert,Medium,4.2,1,54,49,5
2025-07-18,Friday,Chicken Curry,Main,Medium,-2.2,0,130,124,6
2025-07-18,Friday,Beef Stew,Main,High,-2.2,0,119,106,13
2025-07-18,Friday,Veg Pasta,Veg,Low,-2.2,0,126,119,7
2025-07-18,Friday,Rice,Side,Low,-2.2,0,179,161,18
2025-07-18,Friday,Chocolate Pudding,Dessert,Medium,-2.2,0,106,101,5
2025-07-21,Monday,Chicken Curry,Main,Medium,27.4,0,161,145,16
2025-07-21,Monday,Beef Stew,Main,High,27.4,0,121,113,8
2025-07-21,Monday,Veg Pasta,Veg,Low,27.4,0,110,98,12
2025-07-21,Monday,Rice,Side,Low,27.4,0,143,136,7
2025-07-21,Monday,Chocolate Pudding,Dessert,Medium,27.4,0,79,73,6
2025-07-22,Tuesday,Chicken Curry,Main,Medium,19.0,0,142,129,13
2025-07-22,Tuesday,Beef Stew,Main,High,19.0,0,97,90,7
2025-07-22,Tuesday,Veg Pasta,Veg,Low,19.0,0,96,88,8
2025-07-22,Tuesday,Rice,Side,Low,19.0,0,154,139,15
2025-07-22,Tuesday,Chocolate Pudding,Dessert,Medium,19.0,0,77,69,8
2025-07-23,Wednesday,Chicken Curry,Main,Medium,1.8,0,154,137,17
2025-07-23,Wednesday,Beef Stew,Main,High,1.8,0,109,97,12
2025-07-23,Wednesday,Veg Pasta,Veg,Low,1.8,0,89,82,7
2025-07-23,Wednesday,Rice,Side,Low,1.8,0,170,160,10
2025-07-23,Wednesday,Chocolate Pudding,Dessert,Medium,1.8,0,84,78,6
2025-07-24,Thursday,Chicken Curry,Main,Medium,13.4,0,117,103,14
2025-07-24,Thursday,Beef Stew,Main,High,13.4,0,109,96,13
2025-07-24,Thursday,Veg Pasta,Veg,Low,13.4,0,88,78,10
2025-07-24,Thursday,Rice,Side,Low,13.4,0,158,145,13
2025-07-24,Thursday,Chocolate Pudding,Dessert,Medium,13.4,0,73,67,6
2025-07-25,Friday,Chicken Curry,Main,Medium,11.7,0,176,157,19
2025-07-25,Friday,Beef Stew,Main,High,11.7,0,121,109,12
2025-07-25,Friday,Veg Pasta,Veg,Low,11.7,0,113,107,6
2025-07-25,Friday,Rice,Side,Low,11.7,0,194,170,24
2025-07-25,Friday,Chocolate Pudding,Dessert,Medium,11.7,0,93,88,5
2025-07-28,Monday,Chicken Curry,Main,Medium,11.0,0,138,129,9
2025-07-28,Monday,Beef Stew,Main,High,11.0,0,116,108,8
2025-07-28,Monday,Veg Pasta,Veg,Low,11.0,0,113,101,12
2025-07-28,Monday,Rice,Side,Low,11.0,0,181,172,9
2025-07-28,Monday,Chocolate Pudding,Dessert,Medium,11.0,0,82,75,7
2025-07-29,Tuesday,Chicken Curry,Main,Medium,-5.0,0,152,134,18
2025-07-29,Tuesday,Beef Stew,Main,High,-5.0,0,120,105,15
2025-07-29,Tuesday,Veg Pasta,Veg,Low,-5.0,0,103,98,5
2025-07-29,Tuesday,Rice,Side,Low,-5.0,0,143,128,15
2025-07-29,Tuesday,Chocolate Pudding,Dessert,Medium,-5.0,0,80,70,10
2025-07-30,Wednesday,Chicken Curry,Main,Medium,19.9,0,112,102,10
2025-07-30,Wednesday,Beef Stew,Main,High,19.9,0,108,98,10
2025-07-30,Wednesday,Veg Pasta,Veg,Low,19.9,0,92,85,7
2025-07-30,Wednesday,Rice,Side,Low,19.9,0,141,125,16
2025-07-30,Wednesday,Chocolate Pudding,Dessert,Medium,19.9,0,68,62,6
2025-07-31,Thursday,Chicken Curry,Main,Medium,1.8,0,141,126,15
2025-07-31,Thursday,Beef Stew,Main,High,1.8,0,117,106,11
2025-07-31,Thursday,Veg Pasta,Veg,Low,1.8,0,96,91,5
2025-07-31,Thursday,Rice,Side,Low,1.8,0,142,134,8
2025-07-31,Thursday,Chocolate Pudding,Dessert,Medium,1.8,0,64,56,8
2025-08-01,Friday,Chicken Curry,Main,Medium,16.4,0,160,147,13
2025-08-01,Friday,Beef Stew,Main,High,16.4,0,126,120,6
2025-08-01,Friday,Veg Pasta,Veg,Low,16.4,0,132,120,12
2025-08-01,Friday,Rice,Side,Low,16.4,0,166,158,8
2025-08-01,Friday,Chocolate Pudding,Dessert,Medium,16.4,0,100,89,11
2025-08-04,Monday,Chicken Curry,Main,Medium,5.5,0,133,123,10
2025-08-04,Monday,Beef Stew,Main,High,5.5,0,118,111,7
2025-08-04,Monday,Veg Pasta,Veg,Low,5.5,0,126,111,15
2025-08-04,Monday,Rice,Side,Low,5.5,0,172,150,22
2025-08-04,Monday,Chocolate Pudding,Dessert,Medium,5.5,0,75,67,8
2025-08-05,Tuesday,Chicken Curry,Main,Medium,20.8,0,130,119,11
2025-08-05,Tuesday,Beef Stew,Main,High,20.8,0,115,102,13
2025-08-05,Tuesday,Veg Pasta,Veg,Low,20.8,0,91,84,7
2025-08-05,Tuesday,Rice,Side,Low,20.8,0,152,141,11
2025-08-05,Tuesday,Chocolate Pudding,Dessert,Medium,20.8,0,68,61,7
2025-08-06,Wednesday,Chicken Curry,Main,Medium,30.0,0,127,117,10
2025-08-06,Wednesday,Beef Stew,Main,High,30.0,0,95,90,5
2025-08-06,Wednesday,Veg Pasta,Veg,Low,30.0,0,96,86,10
2025-08-06,Wednesday,Rice,Side,Low,30.0,0,135,119,16
2025-08-06,Wednesday,Chocolate Pudding,Dessert,Medium,30.0,0,77,68,9
2025-08-07,Thursday,Chicken Curry,Main,Medium,8.7,0,132,116,16
2025-08-07,Thursday,Beef Stew,Main,High,8.7,0,100,92,8
2025-08-07,Thursday,Veg Pasta,Veg,Low,8.7,0,103,93,10
2025-08-07,Thursday,Rice,Side,Low,8.7,0,160,140,20
2025-08-07,Thursday,Chocolate Pudding,Dessert,Medium,8.7,0,84,77,7
2025-08-08,Friday,Chicken Curry,Main,Medium,1.4,0,162,149,13
2025-08-08,Friday,Beef Stew,Main,High,1.4,0,148,132,16
2025-08-08,Friday,Veg Pasta,Veg,Low,1.4,0,149,131,18
2025-08-08,Friday,Rice,Side,Low,1.4,0,182,171,11
2025-08-08,Friday,Chocolate Pudding,Dessert,Medium,1.4,0,93,82,11
2025-08-11,Monday,Chicken Curry,Main,Medium,13.7,0,156,145,11
2025-08-11,Monday,Beef Stew,Main,High,13.7,0,132,121,11
2025-08-11,Monday,Veg Pasta,Veg,Low,13.7,0,106,98,8
2025-08-11,Monday,Rice,Side,Low,13.7,0,183,169,14
2025-08-11,Monday,Chocolate Pudding,Dessert,Medium,13.7,0,81,76,5
2025-08-12,Tuesday,Chicken Curry,Main,Medium,20.4,0,134,125,9
2025-08-12,Tuesday,Beef Stew,Main,High,20.4,0,105,96,9
2025-08-12,Tuesday,Veg Pasta,Veg,Low,20.4,0,93,83,10
2025-08-12,Tuesday,Rice,Side,Low,20.4,0,166,153,13
2025-08-12,Tuesday,Chocolate Pudding,Dessert,Medium,20.4,0,88,78,10
2025-08-13,Wednesday,Chicken Curry,Main,Medium,16.0,0,120,113,7
2025-08-13,Wednesday,Beef Stew,Main,High,16.0,0,96,86,10
2025-08-13,Wednesday,Veg Pasta,Veg,Low,16.0,0,98,93,5
2025-08-13,Wednesday,Rice,Side,Low,16.0,0,145,136,9
2025-08-13,Wednesday,Chocolate Pudding,Dessert,Medium,16.0,0,73,65,8
2025-08-14,Thursday,Chicken Curry,Main,Medium,20.7,0,117,107,10
2025-08-14,Thursday,Beef Stew,Main,High,20.7,0,95,91,4
2025-08-14,Thursday,Veg Pasta,Veg,Low,20.7,0,91,85,6
2025-08-14,Thursday,Rice,Side,Low,20.7,0,164,145,19
2025-08-14,Thursday,Chocolate Pudding,Dessert,Medium,20.7,0,79,71,8
2025-08-15,Friday,Chicken Curry,Main,Medium,18.3,0,171,150,21
2025-08-15,Friday,Beef Stew,Main,High,18.3,0,128,121,7
2025-08-15,Friday,Veg Pasta,Veg,Low,18.3,0,130,119,11
2025-08-15,Friday,Rice,Side,Low,18.3,0,193,175,18
2025-08-15,Friday,Chocolate Pudding,Dessert,Medium,18.3,0,85,79,6
2025-08-18,Monday,Chicken Curry,Main,Medium,6.6,0,149,131,18
2025-08-18,Monday,Beef Stew,Main,High,6.6,0,125,116,9
2025-08-18,Monday,Veg Pasta,Veg,Low,6.6,0,108,95,13
2025-08-18,Monday,Rice,Side,Low,6.6,0,171,163,8
2025-08-18,Monday,Chocolate Pudding,Dessert,Medium,6.6,0,91,80,11
2025-08-19,Tuesday,Chicken Curry,Main,Medium,2.6,0,146,136,10
2025-08-19,Tuesday,Beef Stew,Main,High,2.6,0,114,108,6
2025-08-19,Tuesday,Veg Pasta,Veg,Low,2.6,0,116,108,8
2025-08-19,Tuesday,Rice,Side,Low,2.6,0,157,146,11
2025-08-19,Tuesday,Chocolate Pudding,Dessert,Medium,2.6,0,78,71,7
2025-08-20,Wednesday,Chicken Curry,Main,Medium,1.5,0,114,109,5
2025-08-20,Wednesday,Beef Stew,Main,High,1.5,0,121,107,14
2025-08-20,Wednesday,Veg Pasta,Veg,Low,1.5,0,108,102,6
2025-08-20,Wednesday,Rice,Side,Low,1.5,0,155,138,17
2025-08-20,Wednesday,Chocolate Pudding,Dessert,Medium,1.5,0,71,68,3
2025-08-21,Thursday,Chicken Curry,Main,Medium,12.7,0,148,131,17
2025-08-21,Thursday,Beef Stew,Main,High,12.7,0,97,92,5
2025-08-21,Thursday,Veg Pasta,Veg,Low,12.7,0,103,91,12
2025-08-21,Thursday,Rice,Side,Low,12.7,0,170,150,20
2025-08-21,Thursday,Chocolate Pudding,Dessert,Medium,12.7,0,79,72,7
2025-08-22,Friday,Chicken Curry,Main,Medium,-5.0,0,166,152,14
2025-08-22,Friday,Beef Stew,Main,High,-5.0,0,142,125,17
2025-08-22,Friday,Veg Pasta,Veg,Low,-5.0,0,131,120,11
2025-08-22,Friday,Rice,Side,Low,-5.0,0,210,190,20
2025-08-22,Friday,Chocolate Pudding,Dessert,Medium,-5.0,0,104,93,11
2025-08-25,Monday,Chicken Curry,Main,Medium,12.8,0,125,115,10
2025-08-25,Monday,Beef Stew,Main,High,12.8,0,147,129,18
2025-08-25,Monday,Veg Pasta,Veg,Low,12.8,0,107,97,10
2025-08-25,Monday,Rice,Side,Low,12.8,0,171,154,17
2025-08-25,Monday,Chocolate Pudding,Dessert,Medium,12.8,0,91,87,4
2025-08-26,Tuesday,Chicken Curry,Main,Medium,4.6,0,118,112,6
2025-08-26,Tuesday,Beef Stew,Main,High,4.6,0,115,101,14
2025-08-26,Tuesday,Veg Pasta,Veg,Low,4.6,0,96,89,7
2025-08-26,Tuesday,Rice,Side,Low,4.6,0,144,130,14
2025-08-26,Tuesday,Chocolate Pudding,Dessert,Medium,4.6,0,78,73,5
2025-08-27,Wednesday,Chicken Curry,Main,Medium,12.8,0,105,100,5
2025-08-27,Wednesday,Beef Stew,Main,High,12.8,0,103,92,11
2025-08-27,Wednesday,Veg Pasta,Veg,Low,12.8,0,88,80,8
2025-08-27,Wednesday,Rice,Side,Low,12.8,0,129,113,16
2025-08-27,Wednesday,Chocolate Pudding,Dessert,Medium,12.8,0,73,67,6
2025-08-28,Thursday,Chicken Curry,Main,Medium,14.1,0,121,112,9
2025-08-28,Thursday,Beef Stew,Main,High,14.1,0,118,108,10
2025-08-28,Thursday,Veg Pasta,Veg,Low,14.1,0,100,90,10
2025-08-28,Thursday,Rice,Side,Low,14.1,0,144,132,12
2025-08-28,Thursday,Chocolate Pudding,Dessert,Medium,14.1,0,66,61,5
2025-08-29,Friday,Chicken Curry,Main,Medium,14.7,0,154,143,11
2025-08-29,Friday,Beef Stew,Main,High,14.7,0,118,110,8
2025-08-29,Friday,Veg Pasta,Veg,Low,14.7,0,109,104,5
2025-08-29,Friday,Rice,Side,Low,14.7,0,192,181,11
2025-08-29,Friday,Chocolate Pudding,Dessert,Medium,14.7,0,93,86,7
2025-09-01,Monday,Chicken Curry,Main,Medium,-5.0,0,141,130,11
2025-09-01,Monday,Beef Stew,Main,High,-5.0,0,120,114,6
2025-09-01,Monday,Veg Pasta,Veg,Low,-5.0,0,112,104,8
2025-09-01,Monday,Rice,Side,Low,-5.0,0,182,163,19
2025-09-01,Monday,Chocolate Pudding,Dessert,Medium,-5.0,0,90,83,7
2025-09-02,Tuesday,Chicken Curry,Main,Medium,11.0,0,136,120,16
2025-09-02,Tuesday,Beef Stew,Main,High,11.0,0,120,107,13
2025-09-02,Tuesday,Veg Pasta,Veg,Low,11.0,0,97,92,5
2025-09-02,Tuesday,Rice,Side,Low,11.0,0,133,127,6
2025-09-02,Tuesday,Chocolate Pudding,Dessert,Medium,11.0,0,76,70,6
2025-09-03,Wednesday,Chicken Curry,Main,Medium,10.7,0,101,96,5
2025-09-03,Wednesday,Beef Stew,Main,High,10.7,0,104,96,8
2025-09-03,Wednesday,Veg Pasta,Veg,Low,10.7,0,87,78,9
2025-09-03,Wednesday,Rice,Side,Low,10.7,0,160,143,17
2025-09-03,Wednesday,Chocolate Pudding,Dessert,Medium,10.7,0,74,68,6
2025-09-04,Thursday,Chicken Curry,Main,Medium,0.1,0,152,135,17
2025-09-04,Thursday,Beef Stew,Main,High,0.1,0,131,116,15
2025-09-04,Thursday,Veg Pasta,Veg,Low,0.1,0,104,92,12
2025-09-04,Thursday,Rice,Side,Low,0.1,0,156,145,11
2025-09-04,Thursday,Chocolate Pudding,Dessert,Medium,0.1,0,86,78,8
2025-09-05,Friday,Chicken Curry,Main,Medium,25.0,0,126,113,13
2025-09-05,Friday,Beef Stew,Main,High,25.0,0,108,99,9
2025-09-05,Friday,Veg Pasta,Veg,Low,25.0,0,101,95,6
2025-09-05,Friday,Rice,Side,Low,25.0,0,158,149,9
2025-09-05,Friday,Chocolate Pudding,Dessert,Medium,25.0,0,85,81,4
2025-09-08,Monday,Chicken Curry,Main,Medium,25.1,0,146,139,7
2025-09-08,Monday,Beef Stew,Main,High,25.1,0,100,90,10
2025-09-08,Monday,Veg Pasta,Veg,Low,25.1,0,96,87,9
2025-09-08,Monday,Rice,Side,Low,25.1,0,150,131,19
2025-09-08,Monday,Chocolate Pudding,Dessert,Medium,25.1,0,75,69,6
2025-09-09,Tuesday,Chicken Curry,Main,Medium,3.9,0,136,130,6
2025-09-09,Tuesday,Beef Stew,Main,High,3.9,0,118,109,9
2025-09-09,Tuesday,Veg Pasta,Veg,Low,3.9,0,99,94,5
2025-09-09,Tuesday,Rice,Side,Low,3.9,0,154,145,9
2025-09-09,Tuesday,Chocolate Pudding,Dessert,Medium,3.9,0,74,71,3
2025-09-10,Wednesday,Chicken Curry,Main,Medium,9.4,0,145,128,17
2025-09-10,Wednesday,Beef Stew,Main,High,9.4,0,111,100,11
2025-09-10,Wednesday,Veg Pasta,Veg,Low,9.4,0,94,83,11
2025-09-10,Wednesday,Rice,Side,Low,9.4,0,142,131,11
2025-09-10,Wednesday,Chocolate Pudding,Dessert,Medium,9.4,0,73,68,5
2025-09-11,Thursday,Chicken Curry,Main,Medium,0.1,0,140,127,13
2025-09-11,Thursday,Beef Stew,Main,High,0.1,0,120,110,10
2025-09-11,Thursday,Veg Pasta,Veg,Low,0.1,0,105,98,7
2025-09-11,Thursday,Rice,Side,Low,0.1,0,144,137,7
2025-09-11,Thursday,Chocolate Pudding,Dessert,Medium,0.1,0,74,69,5
2025-09-12,Friday,Chicken Curry,Main,Medium,-5.0,0,162,153,9
2025-09-12,Friday,Beef Stew,Main,High,-5.0,0,153,140,13
2025-09-12,Friday,Veg Pasta,Veg,Low,-5.0,0,109,100,9
2025-09-12,Friday,Rice,Side,Low,-5.0,0,203,183,20
2025-09-12,Friday,Chocolate Pudding,Dessert,Medium,-5.0,0,103,97,6
2025-09-15,Monday,Chicken Curry,Main,Medium,7.3,0,143,130,13
2025-09-15,Monday,Beef Stew,Main,High,7.3,0,123,112,11
2025-09-15,Monday,Veg Pasta,Veg,Low,7.3,0,115,102,13
2025-09-15,Monday,Rice,Side,Low,7.3,0,166,157,9
2025-09-15,Monday,Chocolate Pudding,Dessert,Medium,7.3,0,83,74,9
2025-09-16,Tuesday,Chicken Curry,Main,Medium,18.2,0,123,116,7
2025-09-16,Tuesday,Beef Stew,Main,High,18.2,0,113,103,10
2025-09-16,Tuesday,Veg Pasta,Veg,Low,18.2,0,101,89,12
2025-09-16,Tuesday,Rice,Side,Low,18.2,0,129,120,9
2025-09-16,Tuesday,Chocolate Pudding,Dessert,Medium,18.2,0,82,77,5
2025-09-17,Wednesday,Chicken Curry,Main,Medium,6.0,0,138,126,12
2025-09-17,Wednesday,Beef Stew,Main,High,6.0,0,118,103,15
2025-09-17,Wednesday,Veg Pasta,Veg,Low,6.0,0,94,87,7
2025-09-17,Wednesday,Rice,Side,Low,6.0,0,152,138,14
2025-09-17,Wednesday,Chocolate Pudding,Dessert,Medium,6.0,0,79,69,10
2025-09-18,Thursday,Chicken Curry,Main,Medium,10.0,0,129,118,11
2025-09-18,Thursday,Beef Stew,Main,High,10.0,0,115,104,11
2025-09-18,Thursday,Veg Pasta,Veg,Low,10.0,0,77,68,9
2025-09-18,Thursday,Rice,Side,Low,10.0,0,155,139,16
2025-09-18,Thursday,Chocolate Pudding,Dessert,Medium,10.0,0,75,67,8
2025-09-19,Friday,Chicken Curry,Main,Medium,4.3,0,161,149,12
2025-09-19,Friday,Beef Stew,Main,High,4.3,0,122,114,8
2025-09-19,Friday,Veg Pasta,Veg,Low,4.3,0,132,116,16
2025-09-19,Friday,Rice,Side,Low,4.3,0,195,181,14
2025-09-19,Friday,Chocolate Pudding,Dessert,Medium,4.3,0,91,87,4
2025-09-22,Monday,Chicken Curry,Main,Medium,19.3,0,145,137,8
2025-09-22,Monday,Beef Stew,Main,High,19.3,0,130,117,13
2025-09-22,Monday,Veg Pasta,Veg,Low,19.3,0,117,104,13
2025-09-22,Monday,Rice,Side,Low,19.3,0,167,158,9
2025-09-22,Monday,Chocolate Pudding,Dessert,Medium,19.3,0,91,83,8
2025-09-23,Tuesday,Chicken Curry,Main,Medium,10.4,0,118,112,6
2025-09-23,Tuesday,Beef Stew,Main,High,10.4,0,105,93,12
2025-09-23,Tuesday,Veg Pasta,Veg,Low,10.4,0,99,87,12
2025-09-23,Tuesday,Rice,Side,Low,10.4,0,124,118,6
2025-09-23,Tuesday,Chocolate Pudding,Dessert,Medium,10.4,0,78,71,7
2025-09-24,Wednesday,Chicken Curry,Main,Medium,18.6,0,128,122,6
2025-09-24,Wednesday,Beef Stew,Main,High,18.6,0,88,82,6
2025-09-24,Wednesday,Veg Pasta,Veg,Low,18.6,0,86,80,6
2025-09-24,Wednesday,Rice,Side,Low,18.6,0,152,141,11
2025-09-24,Wednesday,Chocolate Pudding,Dessert,Medium,18.6,0,71,65,6
2025-09-25,Thursday,Chicken Curry,Main,Medium,18.4,1,83,75,8
2025-09-25,Thursday,Beef Stew,Main,High,18.4,1,81,77,4
2025-09-25,Thursday,Veg Pasta,Veg,Low,18.4,1,63,56,7
2025-09-25,Thursday,Rice,Side,Low,18.4,1,82,74,8
2025-09-25,Thursday,Chocolate Pudding,Dessert,Medium,18.4,1,54,49,5
2025-09-26,Friday,Chicken Curry,Main,Medium,14.1,0,148,132,16
2025-09-26,Friday,Beef Stew,Main,High,14.1,0,131,119,12
2025-09-26,Friday,Veg Pasta,Veg,Low,14.1,0,117,107,10
2025-09-26,Friday,Rice,Side,Low,14.1,0,178,166,12
2025-09-26,Friday,Chocolate Pudding,Dessert,Medium,14.1,0,84,77,7
2025-09-29,Monday,Chicken Curry,Main,Medium,5.1,0,134,127,7
2025-09-29,Monday,Beef Stew,Main,High,5.1,0,107,102,5
2025-09-29,Monday,Veg Pasta,Veg,Low,5.1,0,117,107,10
2025-09-29,Monday,Rice,Side,Low,5.1,0,168,149,19
2025-09-29,Monday,Chocolate Pudding,Dessert,Medium,5.1,0,80,77,3
2025-09-30,Tuesday,Chicken Curry,Main,Medium,20.3,0,117,111,6
2025-09-30,Tuesday,Beef Stew,Main,High,20.3,0,100,89,11
2025-09-30,Tuesday,Veg Pasta,Veg,Low,20.3,0,90,84,6
2025-09-30,Tuesday,Rice,Side,Low,20.3,0,155,142,13
2025-09-30,Tuesday,Chocolate Pudding,Dessert,Medium,20.3,0,81,71,10
2025-10-01,Wednesday,Chicken Curry,Main,Medium,15.9,0,126,113,13
2025-10-01,Wednesday,Beef Stew,Main,High,15.9,0,84,76,8
2025-10-01,Wednesday,Veg Pasta,Veg,Low,15.9,0,94,84,10
2025-10-01,Wednesday,Rice,Side,Low,15.9,0,163,143,20
2025-10-01,Wednesday,Chocolate Pudding,Dessert,Medium,15.9,0,82,73,9
2025-10-02,Thursday,Chicken Curry,Main,Medium,12.9,0,128,121,7
2025-10-02,Thursday,Beef Stew,Main,High,12.9,0,109,104,5
2025-10-02,Thursday,Veg Pasta,Veg,Low,12.9,0,106,98,8
2025-10-02,Thursday,Rice,Side,Low,12.9,0,153,140,13
2025-10-02,Thursday,Chocolate Pudding,Dessert,Medium,12.9,0,79,73,6
2025-10-03,Friday,Chicken Curry,Main,Medium,6.5,0,130,124,6
2025-10-03,Friday,Beef Stew,Main,High,6.5,0,124,110,14
2025-10-03,Friday,Veg Pasta,Veg,Low,6.5,0,130,115,15
2025-10-03,Friday,Rice,Side,Low,6.5,0,185,169,16
2025-10-03,Friday,Chocolate Pudding,Dessert,Medium,6.5,0,83,73,10
2025-10-06,Monday,Chicken Curry,Main,Medium,18.7,0,129,120,9
2025-10-06,Monday,Beef Stew,Main,High,18.7,0,126,113,13
2025-10-06,Monday,Veg Pasta,Veg,Low,18.7,0,98,91,7
2025-10-06,Monday,Rice,Side,Low,18.7,0,155,139,16
2025-10-06,Monday,Chocolate Pudding,Dessert,Medium,18.7,0,93,87,6
2025-10-07,Tuesday,Chicken Curry,Main,Medium,8.7,0,131,125,6
2025-10-07,Tuesday,Beef Stew,Main,High,8.7,0,107,100,7
2025-10-07,Tuesday,Veg Pasta,Veg,Low,8.7,0,92,82,10
2025-10-07,Tuesday,Rice,Side,Low,8.7,0,150,137,13
2025-10-07,Tuesday,Chocolate Pudding,Dessert,Medium,8.7,0,69,64,5
2025-10-08,Wednesday,Chicken Curry,Main,Medium,30.0,0,126,115,11
2025-10-08,Wednesday,Beef Stew,Main,High,30.0,0,100,90,10
2025-10-08,Wednesday,Veg Pasta,Veg,Low,30.0,0,90,84,6
2025-10-08,Wednesday,Rice,Side,Low,30.0,0,146,133,13
2025-10-08,Wednesday,Chocolate Pudding,Dessert,Medium,30.0,0,75,66,9
2025-10-09,Thursday,Chicken Curry,Main,Medium,18.7,0,134,125,9
2025-10-09,Thursday,Beef Stew,Main,High,18.7,0,108,100,8
2025-10-09,Thursday,Veg Pasta,Veg,Low,18.7,0,109,101,8
2025-10-09,Thursday,Rice,Side,Low,18.7,0,159,141,18
2025-10-09,Thursday,Chocolate Pudding,Dessert,Medium,18.7,0,73,70,3
2025-10-10,Friday,Chicken Curry,Main,Medium,13.7,0,153,140,13
2025-10-10,Friday,Beef Stew,Main,High,13.7,0,105,100,5
2025-10-10,Friday,Veg Pasta,Veg,Low,13.7,0,102,96,6
2025-10-10,Friday,Rice,Side,Low,13.7,0,178,159,19
2025-10-10,Friday,Chocolate Pudding,Dessert,Medium,13.7,0,75,69,6
2025-10-13,Monday,Chicken Curry,Main,Medium,12.2,1,99,94,5
2025-10-13,Monday,Beef Stew,Main,High,12.2,1,73,69,4
2025-10-13,Monday,Veg Pasta,Veg,Low,12.2,1,69,65,4
2025-10-13,Monday,Rice,Side,Low,12.2,1,130,118,12
2025-10-13,Monday,Chocolate Pudding,Dessert,Medium,12.2,1,59,56,3
2025-10-14,Tuesday,Chicken Curry,Main,Medium,17.0,0,145,130,15
2025-10-14,Tuesday,Beef Stew,Main,High,17.0,0,106,93,13
2025-10-14,Tuesday,Veg Pasta,Veg,Low,17.0,0,86,80,6
2025-10-14,Tuesday,Rice,Side,Low,17.0,0,169,151,18
2025-10-14,Tuesday,Chocolate Pudding,Dessert,Medium,17.0,0,72,69,3
2025-10-15,Wednesday,Chicken Curry,Main,Medium,3.6,0,159,139,20
2025-10-15,Wednesday,Beef Stew,Main,High,3.6,0,94,86,8
2025-10-15,Wednesday,Veg Pasta,Veg,Low,3.6,0,101,91,10
2025-10-15,Wednesday,Rice,Side,Low,3.6,0,154,137,17
2025-10-15,Wednesday,Chocolate Pudding,Dessert,Medium,3.6,0,73,67,6
2025-10-16,Thursday,Chicken Curry,Main,Medium,-5.0,0,150,141,9
2025-10-16,Thursday,Beef Stew,Main,High,-5.0,0,98,93,5
2025-10-16,Thursday,Veg Pasta,Veg,Low,-5.0,0,104,92,12
2025-10-16,Thursday,Rice,Side,Low,-5.0,0,161,141,20
2025-10-16,Thursday,Chocolate Pudding,Dessert,Medium,-5.0,0,81,76,5
2025-10-17,Friday,Chicken Curry,Main,Medium,-4.0,0,166,150,16
2025-10-17,Friday,Beef Stew,Main,High,-4.0,0,140,122,18
2025-10-17,Friday,Veg Pasta,Veg,Low,-4.0,0,109,102,7
2025-10-17,Friday,Rice,Side,Low,-4.0,0,195,174,21
2025-10-17,Friday,Chocolate Pudding,Dessert,Medium,-4.0,0,89,84,5
2025-10-20,Monday,Chicken Curry,Main,Medium,30.0,0,137,123,14
2025-10-20,Monday,Beef Stew,Main,High,30.0,0,106,96,10
2025-10-20,Monday,Veg Pasta,Veg,Low,30.0,0,109,97,12
2025-10-20,Monday,Rice,Side,Low,30.0,0,149,142,7
2025-10-20,Monday,Chocolate Pudding,Dessert,Medium,30.0,0,79,73,6
2025-10-21,Tuesday,Chicken Curry,Main,Medium,-0.5,0,149,132,17
2025-10-21,Tuesday,Beef Stew,Main,High,-0.5,0,110,101,9
2025-10-21,Tuesday,Veg Pasta,Veg,Low,-0.5,0,101,96,5
2025-10-21,Tuesday,Rice,Side,Low,-0.5,0,181,171,10
2025-10-21,Tuesday,Chocolate Pudding,Dessert,Medium,-0.5,0,77,72,5
2025-10-22,Wednesday,Chicken Curry,Main,Medium,19.4,1,82,78,4
2025-10-22,Wednesday,Beef Stew,Main,High,19.4,1,68,63,5
2025-10-22,Wednesday,Veg Pasta,Veg,Low,19.4,1,74,66,8
2025-10-22,Wednesday,Rice,Side,Low,19.4,1,89,79,10
2025-10-22,Wednesday,Chocolate Pudding,Dessert,Medium,19.4,1,53,50,3
2025-10-23,Thursday,Chicken Curry,Main,Medium,-5.0,0,143,134,9
2025-10-23,Thursday,Beef Stew,Main,High,-5.0,0,112,105,7
2025-10-23,Thursday,Veg Pasta,Veg,Low,-5.0,0,91,87,4
2025-10-23,Thursday,Rice,Side,Low,-5.0,0,162,142,20
2025-10-23,Thursday,Chocolate Pudding,Dessert,Medium,-5.0,0,85,77,8
2025-10-24,Friday,Chicken Curry,Main,Medium,30.0,0,128,114,14
2025-10-24,Friday,Beef Stew,Main,High,30.0,0,115,101,14
2025-10-24,Friday,Veg Pasta,Veg,Low,30.0,0,99,87,12
2025-10-24,Friday,Rice,Side,Low,30.0,0,169,150,19
2025-10-24,Friday,Chocolate Pudding,Dessert,Medium,30.0,0,90,82,8
2025-10-27,Monday,Chicken Curry,Main,Medium,-2.5,0,147,138,9
2025-10-27,Monday,Beef Stew,Main,High,-2.5,0,131,123,8
2025-10-27,Monday,Veg Pasta,Veg,Low,-2.5,0,105,100,5
2025-10-27,Monday,Rice,Side,Low,-2.5,0,144,128,16
2025-10-27,Monday,Chocolate Pudding,Dessert,Medium,-2.5,0,92,82,10
2025-10-28,Tuesday,Chicken Curry,Main,Medium,24.4,0,121,109,12
2025-10-28,Tuesday,Beef Stew,Main,High,24.4,0,92,85,7
2025-10-28,Tuesday,Veg Pasta,Veg,Low,24.4,0,96,92,4
2025-10-28,Tuesday,Rice,Side,Low,24.4,0,150,143,7
2025-10-28,Tuesday,Chocolate Pudding,Dessert,Medium,24.4,0,73,67,6
2025-10-29,Wednesday,Chicken Curry,Main,Medium,5.2,1,85,80,5
2025-10-29,Wednesday,Beef Stew,Main,High,5.2,1,64,60,4
2025-10-29,Wednesday,Veg Pasta,Veg,Low,5.2,1,56,54,2
2025-10-29,Wednesday,Rice,Side,Low,5.2,1,110,98,12
2025-10-29,Wednesday,Chocolate Pudding,Dessert,Medium,5.2,1,47,42,5
2025-10-30,Thursday,Chicken Curry,Main,Medium,-5.0,0,133,119,14
2025-10-30,Thursday,Beef Stew,Main,High,-5.0,0,109,101,8
2025-10-30,Thursday,Veg Pasta,Veg,Low,-5.0,0,110,97,13
2025-10-30,Thursday,Rice,Side,Low,-5.0,0,154,139,15
2025-10-30,Thursday,Chocolate Pudding,Dessert,Medium,-5.0,0,90,81,9
2025-10-31,Friday,Chicken Curry,Main,Medium,12.9,0,137,129,8
2025-10-31,Friday,Beef Stew,Main,High,12.9,0,135,118,17
2025-10-31,Friday,Veg Pasta,Veg,Low,12.9,0,121,115,6
2025-10-31,Friday,Rice,Side,Low,12.9,0,182,169,13
2025-10-31,Friday,Chocolate Pudding,Dessert,Medium,12.9,0,78,70,8
2025-11-03,Monday,Chicken Curry,Main,Medium,8.2,0,147,134,13
2025-11-03,Monday,Beef Stew,Main,High,8.2,0,130,115,15
2025-11-03,Monday,Veg Pasta,Veg,Low,8.2,0,108,97,11
2025-11-03,Monday,Rice,Side,Low,8.2,0,171,150,21
2025-11-03,Monday,Chocolate Pudding,Dessert,Medium,8.2,0,98,88,10
2025-11-04,Tuesday,Chicken Curry,Main,Medium,18.7,0,140,124,16
2025-11-04,Tuesday,Beef Stew,Main,High,18.7,0,102,95,7
2025-11-04,Tuesday,Veg Pasta,Veg,Low,18.7,0,94,82,12
2025-11-04,Tuesday,Rice,Side,Low,18.7,0,161,144,17
2025-11-04,Tuesday,Chocolate Pudding,Dessert,Medium,18.7,0,81,74,7
2025-11-05,Wednesday,Chicken Curry,Main,Medium,11.9,0,127,120,7
2025-11-05,Wednesday,Beef Stew,Main,High,11.9,0,108,100,8
2025-11-05,Wednesday,Veg Pasta,Veg,Low,11.9,0,95,91,4
2025-11-05,Wednesday,Rice,Side,Low,11.9,0,129,116,13
2025-11-05,Wednesday,Chocolate Pudding,Dessert,Medium,11.9,0,72,64,8
2025-11-06,Thursday,Chicken Curry,Main,Medium,17.0,0,132,120,12
2025-11-06,Thursday,Beef Stew,Main,High,17.0,0,112,105,7
2025-11-06,Thursday,Veg Pasta,Veg,Low,17.0,0,105,93,12
2025-11-06,Thursday,Rice,Side,Low,17.0,0,122,115,7
2025-11-06,Thursday,Chocolate Pudding,Dessert,Medium,17.0,0,86,76,10
2025-11-07,Friday,Chicken Curry,Main,Medium,7.2,0,145,128,17
2025-11-07,Friday,Beef Stew,Main,High,7.2,0,133,124,9
2025-11-07,Friday,Veg Pasta,Veg,Low,7.2,0,120,108,12
2025-11-07,Friday,Rice,Side,Low,7.2,0,200,176,24
2025-11-07,Friday,Chocolate Pudding,Dessert,Medium,7.2,0,86,82,4
2025-11-10,Monday,Chicken Curry,Main,Medium,8.3,0,143,133,10
2025-11-10,Monday,Beef Stew,Main,High,8.3,0,111,100,11
2025-11-10,Monday,Veg Pasta,Veg,Low,8.3,0,95,88,7
2025-11-10,Monday,Rice,Side,Low,8.3,0,154,146,8
2025-11-10,Monday,Chocolate Pudding,Dessert,Medium,8.3,0,97,86,11
2025-11-11,Tuesday,Chicken Curry,Main,Medium,6.6,0,111,103,8
2025-11-11,Tuesday,Beef Stew,Main,High,6.6,0,112,98,14
2025-11-11,Tuesday,Veg Pasta,Veg,Low,6.6,0,95,86,9
2025-11-11,Tuesday,Rice,Side,Low,6.6,0,162,152,10
2025-11-11,Tuesday,Chocolate Pudding,Dessert,Medium,6.6,0,85,78,7
2025-11-12,Wednesday,Chicken Curry,Main,Medium,7.9,0,125,116,9
2025-11-12,Wednesday,Beef Stew,Main,High,7.9,0,102,97,5
2025-11-12,Wednesday,Veg Pasta,Veg,Low,7.9,0,93,85,8
2025-11-12,Wednesday,Rice,Side,Low,7.9,0,146,130,16
2025-11-12,Wednesday,Chocolate Pudding,Dessert,Medium,7.9,0,68,61,7
2025-11-13,Thursday,Chicken Curry,Main,Medium,-5.0,0,124,116,8
2025-11-13,Thursday,Beef Stew,Main,High,-5.0,0,111,104,7
2025-11-13,Thursday,Veg Pasta,Veg,Low,-5.0,0,89,83,6
2025-11-13,Thursday,Rice,Side,Low,-5.0,0,165,149,16
2025-11-13,Thursday,Chocolate Pudding,Dessert,Medium,-5.0,0,77,73,4
2025-11-14,Friday,Chicken Curry,Main,Medium,6.5,0,150,135,15
2025-11-14,Friday,Beef Stew,Main,High,6.5,0,108,103,5
2025-11-14,Friday,Veg Pasta,Veg,Low,6.5,0,126,110,16
2025-11-14,Friday,Rice,Side,Low,6.5,0,191,171,20
2025-11-14,Friday,Chocolate Pudding,Dessert,Medium,6.5,0,81,73,8
2025-11-17,Monday,Chicken Curry,Main,Medium,0.8,0,145,128,17
2025-11-17,Monday,Beef Stew,Main,High,0.8,0,128,120,8
2025-11-17,Monday,Veg Pasta,Veg,Low,0.8,0,117,106,11
2025-11-17,Monday,Rice,Side,Low,0.8,0,190,175,15
2025-11-17,Monday,Chocolate Pudding,Dessert,Medium,0.8,0,92,88,4
2025-11-18,Tuesday,Chicken Curry,Main,Medium,-3.3,0,150,131,19
2025-11-18,Tuesday,Beef Stew,Main,High,-3.3,0,121,114,7
2025-11-18,Tuesday,Veg Pasta,Veg,Low,-3.3,0,101,91,10
2025-11-18,Tuesday,Rice,Side,Low,-3.3,0,154,146,8
2025-11-18,Tuesday,Chocolate Pudding,Dessert,Medium,-3.3,0,80,72,8
2025-11-19,Wednesday,Chicken Curry,Main,Medium,10.7,0,132,121,11
2025-11-19,Wednesday,Beef Stew,Main,High,10.7,0,120,108,12
2025-11-19,Wednesday,Veg Pasta,Veg,Low,10.7,0,100,94,6
2025-11-19,Wednesday,Rice,Side,Low,10.7,0,135,127,8
2025-11-19,Wednesday,Chocolate Pudding,Dessert,Medium,10.7,0,76,67,9
2025-11-20,Thursday,Chicken Curry,Main,Medium,4.2,0,127,119,8
2025-11-20,Thursday,Beef Stew,Main,High,4.2,0,116,104,12
2025-11-20,Thursday,Veg Pasta,Veg,Low,4.2,0,98,89,9
2025-11-20,Thursday,Rice,Side,Low,4.2,0,160,140,20
2025-11-20,Thursday,Chocolate Pudding,Dessert,Medium,4.2,0,83,74,9
2025-11-21,Friday,Chicken Curry,Main,Medium,17.0,0,157,143,14
2025-11-21,Friday,Beef Stew,Main,High,17.0,0,133,119,14
2025-11-21,Friday,Veg Pasta,Veg,Low,17.0,0,104,93,11
2025-11-21,Friday,Rice,Side,Low,17.0,0,164,151,13
2025-11-21,Friday,Chocolate Pudding,Dessert,Medium,17.0,0,91,80,11
2025-11-24,Monday,Chicken Curry,Main,Medium,22.7,0,169,156,13
2025-11-24,Monday,Beef Stew,Main,High,22.7,0,126,112,14
2025-11-24,Monday,Veg Pasta,Veg,Low,22.7,0,113,104,9
2025-11-24,Monday,Rice,Side,Low,22.7,0,153,137,16
2025-11-24,Monday,Chocolate Pudding,Dessert,Medium,22.7,0,88,81,7
2025-11-25,Tuesday,Chicken Curry,Main,Medium,30.0,0,113,107,6
2025-11-25,Tuesday,Beef Stew,Main,High,30.0,0,98,90,8
2025-11-25,Tuesday,Veg Pasta,Veg,Low,30.0,0,95,91,4
2025-11-25,Tuesday,Rice,Side,Low,30.0,0,140,133,7
2025-11-25,Tuesday,Chocolate Pudding,Dessert,Medium,30.0,0,61,56,5
2025-11-26,Wednesday,Chicken Curry,Main,Medium,7.1,0,136,127,9
2025-11-26,Wednesday,Beef Stew,Main,High,7.1,0,97,92,5
2025-11-26,Wednesday,Veg Pasta,Veg,Low,7.1,0,88,83,5
2025-11-26,Wednesday,Rice,Side,Low,7.1,0,159,141,18
2025-11-26,Wednesday,Chocolate Pudding,Dessert,Medium,7.1,0,76,68,8
2025-11-27,Thursday,Chicken Curry,Main,Medium,8.7,0,122,114,8
2025-11-27,Thursday,Beef Stew,Main,High,8.7,0,133,123,10
2025-11-27,Thursday,Veg Pasta,Veg,Low,8.7,0,106,98,8
2025-11-27,Thursday,Rice,Side,Low,8.7,0,156,145,11
2025-11-27,Thursday,Chocolate Pudding,Dessert,Medium,8.7,0,83,73,10
2025-11-28,Friday,Chicken Curry,Main,Medium,10.7,0,155,141,14
2025-11-28,Friday,Beef Stew,Main,High,10.7,0,123,112,11
2025-11-28,Friday,Veg Pasta,Veg,Low,10.7,0,105,96,9
2025-11-28,Friday,Rice,Side,Low,10.7,0,184,165,19
2025-11-28,Friday,Chocolate Pudding,Dessert,Medium,10.7,0,88,78,10
2025-12-01,Monday,Chicken Curry,Main,Medium,16.2,0,153,138,15
2025-12-01,Monday,Beef Stew,Main,High,16.2,0,121,114,7
2025-12-01,Monday,Veg Pasta,Veg,Low,16.2,0,101,91,10
2025-12-01,Monday,Rice,Side,Low,16.2,0,157,148,9
2025-12-01,Monday,Chocolate Pudding,Dessert,Medium,16.2,0,78,75,3
2025-12-02,Tuesday,Chicken Curry,Main,Medium,21.8,0,136,128,8
2025-12-02,Tuesday,Beef Stew,Main,High,21.8,0,99,94,5
2025-12-02,Tuesday,Veg Pasta,Veg,Low,21.8,0,85,80,5
2025-12-02,Tuesday,Rice,Side,Low,21.8,0,179,167,12
2025-12-02,Tuesday,Chocolate Pudding,Dessert,Medium,21.8,0,76,72,4
2025-12-03,Wednesday,Chicken Curry,Main,Medium,-1.8,0,130,114,16
2025-12-03,Wednesday,Beef Stew,Main,High,-1.8,0,116,107,9
2025-12-03,Wednesday,Veg Pasta,Veg,Low,-1.8,0,113,104,9
2025-12-03,Wednesday,Rice,Side,Low,-1.8,0,179,160,19
2025-12-03,Wednesday,Chocolate Pudding,Dessert,Medium,-1.8,0,76,72,4
2025-12-04,Thursday,Chicken Curry,Main,Medium,-5.0,0,140,126,14
2025-12-04,Thursday,Beef Stew,Main,High,-5.0,0,106,96,10
2025-12-04,Thursday,Veg Pasta,Veg,Low,-5.0,0,100,95,5
2025-12-04,Thursday,Rice,Side,Low,-5.0,0,152,136,16
2025-12-04,Thursday,Chocolate Pudding,Dessert,Medium,-5.0,0,76,71,5
2025-12-05,Friday,Chicken Curry,Main,Medium,20.6,0,148,135,13
2025-12-05,Friday,Beef Stew,Main,High,20.6,0,126,112,14
2025-12-05,Friday,Veg Pasta,Veg,Low,20.6,0,108,103,5
2025-12-05,Friday,Rice,Side,Low,20.6,0,215,194,21
2025-12-05,Friday,Chocolate Pudding,Dessert,Medium,20.6,0,81,73,8
2025-12-08,Monday,Chicken Curry,Main,Medium,14.8,0,169,150,19
2025-12-08,Monday,Beef Stew,Main,High,14.8,0,118,109,9
2025-12-08,Monday,Veg Pasta,Veg,Low,14.8,0,121,108,13
2025-12-08,Monday,Rice,Side,Low,14.8,0,155,137,18
2025-12-08,Monday,Chocolate Pudding,Dessert,Medium,14.8,0,85,75,10
2025-12-09,Tuesday,Chicken Curry,Main,Medium,4.0,0,141,125,16
2025-12-09,Tuesday,Beef Stew,Main,High,4.0,0,109,104,5
2025-12-09,Tuesday,Veg Pasta,Veg,Low,4.0,0,106,94,12
2025-12-09,Tuesday,Rice,Side,Low,4.0,0,178,156,22
2025-12-09,Tuesday,Chocolate Pudding,Dessert,Medium,4.0,0,63,60,3
2025-12-10,Wednesday,Chicken Curry,Main,Medium,5.9,0,129,115,14
2025-12-10,Wednesday,Beef Stew,Main,High,5.9,0,85,80,5
2025-12-10,Wednesday,Veg Pasta,Veg,Low,5.9,0,96,89,7
2025-12-10,Wednesday,Rice,Side,Low,5.9,0,136,126,10
2025-12-10,Wednesday,Chocolate Pudding,Dessert,Medium,5.9,0,71,65,6
2025-12-11,Thursday,Chicken Curry,Main,Medium,21.0,0,138,132,6
2025-12-11,Thursday,Beef Stew,Main,High,21.0,0,115,105,10
2025-12-11,Thursday,Veg Pasta,Veg,Low,21.0,0,85,81,4
2025-12-11,Thursday,Rice,Side,Low,21.0,0,161,146,15
2025-12-11,Thursday,Chocolate Pudding,Dessert,Medium,21.0,0,77,73,4
2025-12-12,Friday,Chicken Curry,Main,Medium,16.6,0,173,154,19
2025-12-12,Friday,Beef Stew,Main,High,16.6,0,122,115,7
2025-12-12,Friday,Veg Pasta,Veg,Low,16.6,0,128,115,13
2025-12-12,Friday,Rice,Side,Low,16.6,0,190,179,11
2025-12-12,Friday,Chocolate Pudding,Dessert,Medium,16.6,0,89,84,5
2025-12-15,Monday,Chicken Curry,Main,Medium,15.0,0,153,136,17
2025-12-15,Monday,Beef Stew,Main,High,15.0,0,141,124,17
2025-12-15,Monday,Veg Pasta,Veg,Low,15.0,0,118,107,11
2025-12-15,Monday,Rice,Side,Low,15.0,0,154,141,13
2025-12-15,Monday,Chocolate Pudding,Dessert,Medium,15.0,0,88,79,9
2025-12-16,Tuesday,Chicken Curry,Main,Medium,3.5,0,127,119,8
2025-12-16,Tuesday,Beef Stew,Main,High,3.5,0,115,101,14
2025-12-16,Tuesday,Veg Pasta,Veg,Low,3.5,0,91,83,8
2025-12-16,Tuesday,Rice,Side,Low,3.5,0,153,136,17
2025-12-16,Tuesday,Chocolate Pudding,Dessert,Medium,3.5,0,91,82,9
2025-12-17,Wednesday,Chicken Curry,Main,Medium,5.4,0,130,121,9
2025-12-17,Wednesday,Beef Stew,Main,High,5.4,0,103,96,7
2025-12-17,Wednesday,Veg Pasta,Veg,Low,5.4,0,95,89,6
2025-12-17,Wednesday,Rice,Side,Low,5.4,0,148,139,9
2025-12-17,Wednesday,Chocolate Pudding,Dessert,Medium,5.4,0,67,61,6
2025-12-18,Thursday,Chicken Curry,Main,Medium,20.5,0,121,108,13
2025-12-18,Thursday,Beef Stew,Main,High,20.5,0,99,94,5
2025-12-18,Thursday,Veg Pasta,Veg,Low,20.5,0,105,94,11
2025-12-18,Thursday,Rice,Side,Low,20.5,0,134,128,6
2025-12-18,Thursday,Chocolate Pudding,Dessert,Medium,20.5,0,63,59,4
2025-12-19,Friday,Chicken Curry,Main,Medium,15.5,0,134,120,14
2025-12-19,Friday,Beef Stew,Main,High,15.5,0,137,121,16
2025-12-19,Friday,Veg Pasta,Veg,Low,15.5,0,108,100,8
2025-12-19,Friday,Rice,Side,Low,15.5,0,177,165,12
2025-12-19,Friday,Chocolate Pudding,Dessert,Medium,15.5,0,90,82,8
2025-12-22,Monday,Chicken Curry,Main,Medium,19.6,0,158,138,20
2025-12-22,Monday,Beef Stew,Main,High,19.6,0,106,101,5
2025-12-22,Monday,Veg Pasta,Veg,Low,19.6,0,105,97,8
2025-12-22,Monday,Rice,Side,Low,19.6,0,170,158,12
2025-12-22,Monday,Chocolate Pudding,Dessert,Medium,19.6,0,94,85,9
2025-12-23,Tuesday,Chicken Curry,Main,Medium,18.2,0,139,132,7
2025-12-23,Tuesday,Beef Stew,Main,High,18.2,0,113,103,10
2025-12-23,Tuesday,Veg Pasta,Veg,Low,18.2,0,107,97,10
2025-12-23,Tuesday,Rice,Side,Low,18.2,0,157,142,15
2025-12-23,Tuesday,Chocolate Pudding,Dessert,Medium,18.2,0,86,75,11
2025-12-24,Wednesday,Chicken Curry,Main,Medium,8.5,0,139,128,11
2025-12-24,Wednesday,Beef Stew,Main,High,8.5,0,111,98,13
2025-12-24,Wednesday,Veg Pasta,Veg,Low,8.5,0,85,75,10
2025-12-24,Wednesday,Rice,Side,Low,8.5,0,145,136,9
2025-12-24,Wednesday,Chocolate Pudding,Dessert,Medium,8.5,0,63,55,8
2025-12-25,Thursday,Chicken Curry,Main,Medium,18.3,0,135,128,7
2025-12-25,Thursday,Beef Stew,Main,High,18.3,0,128,115,13
2025-12-25,Thursday,Veg Pasta,Veg,Low,18.3,0,93,86,7
2025-12-25,Thursday,Rice,Side,Low,18.3,0,180,161,19
2025-12-25,Thursday,Chocolate Pudding,Dessert,Medium,18.3,0,78,70,8
2025-12-26,Friday,Chicken Curry,Main,Medium,4.6,0,154,139,15
2025-12-26,Friday,Beef Stew,Main,High,4.6,0,138,126,12
2025-12-26,Friday,Veg Pasta,Veg,Low,4.6,0,112,101,11
2025-12-26,Friday,Rice,Side,Low,4.6,0,172,164,8
2025-12-26,Friday,Chocolate Pudding,Dessert,Medium,4.6,0,97,86,11
2025-12-29,Monday,Chicken Curry,Main,Medium,27.5,0,150,133,17
2025-12-29,Monday,Beef Stew,Main,High,27.5,0,114,104,10
2025-12-29,Monday,Veg Pasta,Veg,Low,27.5,0,106,98,8
2025-12-29,Monday,Rice,Side,Low,27.5,0,160,149,11
2025-12-29,Monday,Chocolate Pudding,Dessert,Medium,27.5,0,75,66,9
2025-12-30,Tuesday,Chicken Curry,Main,Medium,29.6,0,135,128,7
2025-12-30,Tuesday,Beef Stew,Main,High,29.6,0,99,94,5
2025-12-30,Tuesday,Veg Pasta,Veg,Low,29.6,0,91,82,9
2025-12-30,Tuesday,Rice,Side,Low,29.6,0,136,120,16
2025-12-30,Tuesday,Chocolate Pudding,Dessert,Medium,29.6,0,78,69,9
2025-12-31,Wednesday,Chicken Curry,Main,Medium,18.3,0,119,106,13
2025-12-31,Wednesday,Beef Stew,Main,High,18.3,0,110,96,14
2025-12-31,Wednesday,Veg Pasta,Veg,Low,18.3,0,99,91,8
2025-12-31,Wednesday,Rice,Side,Low,18.3,0,145,127,18
2025-12-31,Wednesday,Chocolate Pudding,Dessert,Medium,18.3,0,73,65,8
